key_path,index_type,init_table_size,test_suite,insert_throughput_avg,insert_throughput_min,insert_throughput_max,insert_throughput_stdv,insert_throughput_cv,read_throughput_avg,read_throughput_min,read_throughput_max,read_throughput_stdv,read_throughput_cv,memory_consumption,original_read_throughput_avg,read_throughput_avg_change_ratio
datasets/covid,alex,0,21,6353677.0,6353677,6353677,,,7141295.0,7141295.0,7141295.0,,,0.0,7190905.5,-0.006899061599404971
datasets/covid,alex,0,22,2410145.0,2410145,2410145,,,8416615.0,8416615.0,8416615.0,,,0.0,8070489.5,0.04288779509594802
datasets/covid,alex,1000000,21,4272536.0,4272536,4272536,,,3518796.0,3518796.0,3518796.0,,,0.0,4100187.0,-0.14179621563601855
datasets/covid,alex,1000000,22,2583622.0,2583622,2583622,,,6226943.0,6226943.0,6226943.0,,,0.0,7191693.0,-0.1341478286128176
datasets/covid,alex,1000000,41,6409031.0,6409031,6409031,,,7570982.0,7570982.0,7570982.0,,,0.0,5435834.0,0.39279124417706646
datasets/covid,alex,1000000,42,2177537.0,2177537,2177537,,,5056304.0,5056304.0,5056304.0,,,0.0,8343433.5,-0.3939780307471738
datasets/covid,alex,2000000,21,4132036.0,4132036,4132036,,,3442791.0,3442791.0,3442791.0,,,0.0,3772901.0,-0.0874950071576222
datasets/covid,alex,2000000,22,2718698.0,2718698,2718698,,,6637283.0,6637283.0,6637283.0,,,0.0,7764971.0,-0.145227586812623
datasets/covid,alex,2000000,41,6405035.0,6405035,6405035,,,7704078.0,7704078.0,7704078.0,,,0.0,6294005.0,0.22403429930545019
datasets/covid,alex,2000000,42,2401436.0,2401436,2401436,,,8858063.0,8858063.0,8858063.0,,,0.0,7134041.0,0.24166135294148156
datasets/covid,alex,5000000,21,4117765.0,4117765,4117765,,,3235655.0,3235655.0,3235655.0,,,0.0,3767993.5,-0.14127903883061368
datasets/covid,alex,5000000,22,2726878.0,2726878,2726878,,,7258018.0,7258018.0,7258018.0,,,0.0,8127888.5,-0.1070229371379787
datasets/covid,alex,5000000,41,6341878.0,6341878,6341878,,,7478130.0,7478130.0,7478130.0,,,0.0,6950032.0,0.07598497388213464
datasets/covid,alex,5000000,42,2370183.0,2370183,2370183,,,8551410.0,8551410.0,8551410.0,,,0.0,8239157.5,0.037898595821235365
datasets/covid,alex,10000000,21,4029429.0,4029429,4029429,,,3214774.0,3214774.0,3214774.0,,,0.0,3488820.0,-0.07854976754318078
datasets/covid,alex,10000000,22,2820905.0,2820905,2820905,,,6984171.0,6984171.0,6984171.0,,,0.0,7902410.5,-0.11619739318781276
datasets/covid,alex,10000000,41,6405162.0,6405162,6405162,,,7987981.0,7987981.0,7987981.0,,,0.0,6892678.0,0.15890819214244448
datasets/covid,alex,10000000,42,2448347.0,2448347,2448347,,,9113405.0,9113405.0,9113405.0,,,0.0,8061033.5,0.1305504436869044
datasets/covid,alex,20000000,21,3985442.0,3985442,3985442,,,3235067.0,3235067.0,3235067.0,,,0.0,3484097.0,-0.07147619598421054
datasets/covid,alex,20000000,22,2832400.0,2832400,2832400,,,7249200.0,7249200.0,7249200.0,,,0.0,8096449.0,-0.10464451761506804
datasets/covid,alex,20000000,41,6406705.0,6406705,6406705,,,8052912.0,8052912.0,8052912.0,,,0.0,6846008.0,0.17629310395196734
datasets/covid,alex,20000000,42,2462651.0,2462651,2462651,,,9106413.0,9106413.0,9106413.0,,,0.0,7987852.0,0.14003276475327786
datasets/covid,alex,50000000,21,3750577.0,3750577,3750577,,,3050515.0,3050515.0,3050515.0,,,0.0,3562042.0,-0.14360498837464578
datasets/covid,alex,50000000,22,2643435.0,2643435,2643435,,,9059734.0,9059734.0,9059734.0,,,0.0,8246624.0,0.09859913584031478
datasets/covid,alex,50000000,41,6108807.0,6108807,6108807,,,6186356.0,6186356.0,6186356.0,,,0.0,7037358.5,-0.12092641010117645
datasets/covid,alex,50000000,42,2370231.0,2370231,2370231,,,6899648.0,6899648.0,6899648.0,,,0.0,7948054.5,-0.1319073114055773
datasets/covid,alex,100000000,21,3079752.0,3079752,3079752,,,3572660.0,3572660.0,3572660.0,,,0.0,3894187.0,-0.082565886024477
datasets/covid,alex,100000000,22,2687269.0,2687269,2687269,,,8047715.0,8047715.0,8047715.0,,,0.0,7640713.0,0.053267541916572445
datasets/covid,alex,100000000,41,6159286.0,6159286,6159286,,,6135858.0,6135858.0,6135858.0,,,0.0,7459460.0,-0.17743938569279813
datasets/covid,alex,100000000,42,2534852.0,2534852,2534852,,,6610555.0,6610555.0,6610555.0,,,0.0,8235074.0,-0.19726829412826163
datasets/covid,lipp,0,21,185800.0,185800,185800,,,,,,,,0.0,508730.5,
datasets/covid,lipp,0,22,1223049.0,1223049,1223049,,,3439189.0,3439189.0,3439189.0,,,0.0,3500033.0,-0.017383836095259675
datasets/covid,lipp,1000000,21,7080131.0,7080131,7080131,,,5154199.0,5154199.0,5154199.0,,,0.0,1003039.5,4.138580285223065
datasets/covid,lipp,1000000,22,2467200.0,2467200,2467200,,,5728499.0,5728499.0,5728499.0,,,0.0,2036772.0,1.8125381731484917
datasets/covid,lipp,1000000,41,2031835.0,2031835,2031835,,,4162836.0,4162836.0,4162836.0,,,0.0,511436.5,7.139497278743304
datasets/covid,lipp,1000000,42,2563902.0,2563902,2563902,,,5863512.0,5863512.0,5863512.0,,,0.0,1956055.0,1.997621232531805
datasets/covid,lipp,2000000,21,7398613.0,7398613,7398613,,,4998285.0,4998285.0,4998285.0,,,0.0,1045635.5,3.780140880832757
datasets/covid,lipp,2000000,22,2633863.0,2633863,2633863,,,5687594.0,5687594.0,5687594.0,,,0.0,2044401.0,1.7820344443188982
datasets/covid,lipp,2000000,41,2138985.0,2138985,2138985,,,4128875.0,4128875.0,4128875.0,,,0.0,508291.5,7.123045535878527
datasets/covid,lipp,2000000,42,2400920.0,2400920,2400920,,,5850573.0,5850573.0,5850573.0,,,0.0,2855681.5,1.048748433605078
datasets/covid,lipp,5000000,21,7231068.0,7231068,7231068,,,4770933.0,4770933.0,4770933.0,,,0.0,1323135.5,2.6057780930222187
datasets/covid,lipp,5000000,22,2272174.0,2272174,2272174,,,5647516.0,5647516.0,5647516.0,,,0.0,2068364.0,1.7304265593483545
datasets/covid,lipp,5000000,41,2361273.0,2361273,2361273,,,3457422.0,3457422.0,3457422.0,,,0.0,526239.5,5.570054129346048
datasets/covid,lipp,5000000,42,2316833.0,2316833,2316833,,,5534804.0,5534804.0,5534804.0,,,0.0,2861534.0,0.9342087146264906
datasets/covid,lipp,10000000,21,7591552.0,7591552,7591552,,,4552721.0,4552721.0,4552721.0,,,0.0,2296303.0,0.9826307765133783
datasets/covid,lipp,10000000,22,2128365.0,2128365,2128365,,,5275741.0,5275741.0,5275741.0,,,0.0,2443827.5,1.1588025341395822
datasets/covid,lipp,10000000,41,2565233.0,2565233,2565233,,,3271760.0,3271760.0,3271760.0,,,0.0,556429.5,4.8799183005214495
datasets/covid,lipp,10000000,42,2129267.0,2129267,2129267,,,5082480.0,5082480.0,5082480.0,,,0.0,2839234.5,0.790088138193587
datasets/covid,lipp,20000000,21,8027783.0,8027783,8027783,,,4318452.0,4318452.0,4318452.0,,,0.0,3280457.0,0.31641780398279873
datasets/covid,lipp,20000000,22,1924250.0,1924250,1924250,,,4951859.0,4951859.0,4951859.0,,,0.0,3101457.0,0.5966234579425089
datasets/covid,lipp,20000000,41,2825117.0,2825117,2825117,,,2969952.0,2969952.0,2969952.0,,,0.0,609962.0,3.8690770900482323
datasets/covid,lipp,20000000,42,1922867.0,1922867,1922867,,,4848549.0,4848549.0,4848549.0,,,0.0,2845549.5,0.7039060469691355
datasets/covid,lipp,50000000,21,8519470.0,8519470,8519470,,,4227135.0,4227135.0,4227135.0,,,0.0,4449966.0,-0.05007476461617909
datasets/covid,lipp,50000000,22,1753143.0,1753143,1753143,,,4387677.0,4387677.0,4387677.0,,,0.0,4244403.5,0.033755862278409675
datasets/covid,lipp,50000000,41,3229122.0,3229122,3229122,,,2572687.0,2572687.0,2572687.0,,,0.0,833278.0,2.0874294053125126
datasets/covid,lipp,50000000,42,1653505.0,1653505,1653505,,,4569816.0,4569816.0,4569816.0,,,0.0,2662652.0,0.7162648367116694
datasets/covid,lipp,100000000,21,7930710.0,7930710,7930710,,,4133551.0,4133551.0,4133551.0,,,0.0,5198238.0,-0.2048169014192886
datasets/covid,lipp,100000000,22,1719202.0,1719202,1719202,,,4198212.0,4198212.0,4198212.0,,,0.0,4580996.0,-0.08355912120420975
datasets/covid,lipp,100000000,41,3590755.0,3590755,3590755,,,2481533.0,2481533.0,2481533.0,,,0.0,1480716.0,0.6759007128983546
datasets/covid,lipp,100000000,42,1474900.0,1474900,1474900,,,4427501.0,4427501.0,4427501.0,,,0.0,2479357.0,0.7857456590559568
datasets/covid,lipp,200000000,10,10806227.0,10806227,10806227,,,4476048.0,4476048.0,4476048.0,,,0.0,5666233.0,-0.21004872196395735
datasets/fb-1,alex,0,21,6167475.0,6167475,6167475,,,1677914.0,1677914.0,1677914.0,,,0.0,1671431.0,0.0038787123129821093
datasets/fb-1,alex,0,22,1220302.0,1220302,1220302,,,2715981.0,2715981.0,2715981.0,,,0.0,2718578.25,-0.0009553706979006398
datasets/fb-1,alex,1000000,21,3138156.0,3138156,3138156,,,1549041.0,1549041.0,1549041.0,,,0.0,2546878.5,-0.3917884186465903
datasets/fb-1,alex,1000000,22,1153368.0,1153368,1153368,,,1755360.0,1755360.0,1755360.0,,,0.0,2745896.75,-0.36073342888803084
datasets/fb-1,alex,1000000,41,3544172.0,3544172,3544172,,,1180977.0,1180977.0,1180977.0,,,0.0,1696177.0,-0.30374188542823066
datasets/fb-1,alex,1000000,42,914692.0,914692,914692,,,1287486.0,1287486.0,1287486.0,,,0.0,2744292.75,-0.5308496150784204
datasets/fb-1,alex,2000000,21,3002296.0,3002296,3002296,,,1524456.0,1524456.0,1524456.0,,,0.0,2354751.25,-0.35260422942763064
datasets/fb-1,alex,2000000,22,1135210.0,1135210,1135210,,,1713586.0,1713586.0,1713586.0,,,0.0,2664643.5,-0.3569173512329135
datasets/fb-1,alex,2000000,41,3973297.0,3973297,3973297,,,1224465.0,1224465.0,1224465.0,,,0.0,1671584.25,-0.2674823300111855
datasets/fb-1,alex,2000000,42,943575.0,943575,943575,,,1343042.0,1343042.0,1343042.0,,,0.0,2702730.75,-0.5030796167912768
datasets/fb-1,alex,5000000,21,3328944.0,3328944,3328944,,,1689697.0,1689697.0,1689697.0,,,0.0,2587196.0,-0.34690027350073205
datasets/fb-1,alex,5000000,22,1064486.0,1064486,1064486,,,1696188.0,1696188.0,1696188.0,,,0.0,2493791.5,-0.31983567992753204
datasets/fb-1,alex,5000000,41,4722918.0,4722918,4722918,,,1598942.0,1598942.0,1598942.0,,,0.0,1638862.5,-0.024358663402207322
datasets/fb-1,alex,5000000,42,1090380.0,1090380,1090380,,,1774716.0,1774716.0,1774716.0,,,0.0,2738624.25,-0.351968054763263
datasets/fb-1,alex,10000000,21,3533284.0,3533284,3533284,,,1983757.0,1983757.0,1983757.0,,,0.0,1944413.5,0.02023412201159887
datasets/fb-1,alex,10000000,22,1224575.0,1224575,1224575,,,2033477.0,2033477.0,2033477.0,,,0.0,1597247.3333333333,0.2731134105300328
datasets/fb-1,alex,10000000,41,5190711.0,5190711,5190711,,,1847254.0,1847254.0,1847254.0,,,0.0,1603659.75,0.151898961110672
datasets/fb-1,alex,10000000,42,1176030.0,1176030,1176030,,,2030437.0,2030437.0,2030437.0,,,0.0,2629668.75,-0.22787347265696486
datasets/fb-1,alex,20000000,21,3368541.0,3368541,3368541,,,1828331.0,1828331.0,1828331.0,,,0.0,1833429.0,-0.0027805821768936783
datasets/fb-1,alex,20000000,22,1083310.0,1083310,1083310,,,1796914.0,1796914.0,1796914.0,,,0.0,1820365.75,-0.01288298793800092
datasets/fb-1,alex,20000000,41,5132640.0,5132640,5132640,,,1752055.0,1752055.0,1752055.0,,,0.0,1632321.75,0.07335150070750451
datasets/fb-1,alex,20000000,42,1167632.0,1167632,1167632,,,1876530.0,1876530.0,1876530.0,,,0.0,2436418.75,-0.22979988559027467
datasets/fb-1,alex,50000000,21,3426230.0,3426230,3426230,,,1784247.0,1784247.0,1784247.0,,,0.0,1982320.0,-0.09991979095201582
datasets/fb-1,alex,50000000,22,1060850.0,1060850,1060850,,,1745208.0,1745208.0,1745208.0,,,0.0,1922866.75,-0.09239264759245538
datasets/fb-1,alex,50000000,41,5125088.0,5125088,5125088,,,1696430.0,1696430.0,1696430.0,,,0.0,1916164.25,-0.1146740160714302
datasets/fb-1,alex,50000000,42,1184410.0,1184410,1184410,,,1790594.0,1790594.0,1790594.0,,,0.0,2360738.0,-0.2415109173487274
datasets/fb-1,alex,100000000,21,3948592.0,3948592,3948592,,,1759059.0,1759059.0,1759059.0,,,0.0,1839832.75,-0.04390276779234417
datasets/fb-1,alex,100000000,22,1079713.0,1079713,1079713,,,1767517.0,1767517.0,1767517.0,,,0.0,1813535.75,-0.02537515458407699
datasets/fb-1,alex,100000000,41,5353981.0,5353981,5353981,,,1848662.0,1848662.0,1848662.0,,,0.0,1945333.25,-0.0496939277627625
datasets/fb-1,alex,100000000,42,1271234.0,1271234,1271234,,,,,,,,0.0,2168099.75,
datasets/fb-1,lipp,0,21,337444.0,337444,337444,,,621448.0,621448.0,621448.0,,,0.0,691164.5,-0.10086817248281704
datasets/fb-1,lipp,0,22,1158637.0,1158637,1158637,,,2653450.0,2653450.0,2653450.0,,,0.0,2643076.5,0.00392478235117296
datasets/fb-1,lipp,1000000,21,5430978.0,5430978,5430978,,,1382994.0,1382994.0,1382994.0,,,0.0,1463162.0,-0.05479092540675605
datasets/fb-1,lipp,1000000,22,1299374.0,1299374,1299374,,,2135135.0,2135135.0,2135135.0,,,0.0,2551579.0,-0.16321031016480383
datasets/fb-1,lipp,1000000,41,341425.0,341425,341425,,,633900.0,633900.0,633900.0,,,0.0,699880.5,-0.09427395105307264
datasets/fb-1,lipp,1000000,42,1115544.0,1115544,1115544,,,2295442.0,2295442.0,2295442.0,,,0.0,2547444.5,-0.09892364681546546
datasets/fb-1,lipp,2000000,21,5613394.0,5613394,5613394,,,1440016.0,1440016.0,1440016.0,,,0.0,1506167.0,-0.04392009650988237
datasets/fb-1,lipp,2000000,22,1298074.0,1298074,1298074,,,2129933.0,2129933.0,2129933.0,,,0.0,2562825.0,-0.16891204042414132
datasets/fb-1,lipp,2000000,41,1356364.0,1356364,1356364,,,3218088.0,3218088.0,3218088.0,,,0.0,701607.5,3.5867354610661946
datasets/fb-1,lipp,2000000,42,1282045.0,1282045,1282045,,,3216381.0,3216381.0,3216381.0,,,0.0,2270418.0,0.41664706675158497
datasets/fb-1,lipp,5000000,21,6069585.0,6069585,6069585,,,1579645.0,1579645.0,1579645.0,,,0.0,1514987.0,0.04267891407649042
datasets/fb-1,lipp,5000000,22,1323185.0,1323185,1323185,,,2173183.0,2173183.0,2173183.0,,,0.0,2358484.0,-0.07856784273287416
datasets/fb-1,lipp,5000000,41,1150347.0,1150347,1150347,,,3373413.0,3373413.0,3373413.0,,,0.0,709311.0,3.7559011491433236
datasets/fb-1,lipp,5000000,42,1215928.0,1215928,1215928,,,3102474.0,3102474.0,3102474.0,,,0.0,2308070.5,0.3441851104634802
datasets/fb-1,lipp,10000000,21,6610978.0,6610978,6610978,,,1740089.0,1740089.0,1740089.0,,,0.0,1700047.0,0.023553466462986023
datasets/fb-1,lipp,10000000,22,1332184.0,1332184,1332184,,,2179710.0,2179710.0,2179710.0,,,0.0,2359012.5,-0.07600743955362678
datasets/fb-1,lipp,10000000,41,1041321.0,1041321,1041321,,,3494545.0,3494545.0,3494545.0,,,0.0,744807.5,3.6918767601024425
datasets/fb-1,lipp,10000000,42,1218998.0,1218998,1218998,,,3091980.0,3091980.0,3091980.0,,,0.0,2341901.0,0.3202863827292443
datasets/fb-1,lipp,20000000,21,7316662.0,7316662,7316662,,,1989270.0,1989270.0,1989270.0,,,0.0,2084596.0,-0.04572876471028439
datasets/fb-1,lipp,20000000,22,1344765.0,1344765,1344765,,,2165014.0,2165014.0,2165014.0,,,0.0,2389637.0,-0.09399879563297689
datasets/fb-1,lipp,20000000,41,928508.0,928508,928508,,,3521108.0,3521108.0,3521108.0,,,0.0,808846.5,3.3532462587153433
datasets/fb-1,lipp,20000000,42,1213383.0,1213383,1213383,,,3005600.0,3005600.0,3005600.0,,,0.0,2359205.0,0.2739884834086059
datasets/fb-1,lipp,50000000,21,8134678.0,8134678,8134678,,,2535888.0,2535888.0,2535888.0,,,0.0,2826990.5,-0.10297257808259348
datasets/fb-1,lipp,50000000,22,1510546.0,1510546,1510546,,,2442677.0,2442677.0,2442677.0,,,0.0,2766030.5,-0.11690163937093247
datasets/fb-1,lipp,50000000,41,853332.0,853332,853332,,,3208342.0,3208342.0,3208342.0,,,0.0,1022855.0,2.136653777905959
datasets/fb-1,lipp,50000000,42,1407058.0,1407058,1407058,,,2590892.0,2590892.0,2590892.0,,,0.0,2458669.0,0.053778284104123004
datasets/fb-1,lipp,100000000,21,8054718.0,8054718,8054718,,,2964271.0,2964271.0,2964271.0,,,0.0,3571772.0,-0.17008392472979797
datasets/fb-1,lipp,100000000,22,1682156.0,1682156,1682156,,,2903103.0,2903103.0,2903103.0,,,0.0,3476199.0,-0.16486282862402296
datasets/fb-1,lipp,100000000,41,806732.0,806732,806732,,,2811260.0,2811260.0,2811260.0,,,0.0,1593202.5,0.7645340124685971
datasets/fb-1,lipp,100000000,42,1417665.0,1417665,1417665,,,2730123.0,2730123.0,2730123.0,,,0.0,2631828.0,0.037348565331777
datasets/fb-1,lipp,200000000,10,10380935.0,10380935,10380935,,,3877903.0,3877903.0,3877903.0,,,0.0,4912116.0,-0.210543277072447
datasets/linear,alex,0,21,4920290.0,4920290,4920290,,,12946489.0,12946489.0,12946489.0,,,0.0,12233108.0,0.05831559731181969
datasets/linear,alex,0,22,3604456.0,3604456,3604456,,,14432667.0,14432667.0,14432667.0,,,0.0,13704729.5,0.053115787509706046
datasets/linear,alex,1000000,21,2844951.0,2844951,2844951,,,1946466.0,1946466.0,1946466.0,,,0.0,4407167.5,-0.5583408164087251
datasets/linear,alex,1000000,22,2366248.0,2366248,2366248,,,4031799.0,4031799.0,4031799.0,,,0.0,13394692.5,-0.6990002570047801
datasets/linear,alex,1000000,41,2612872.0,2612872,2612872,,,3812281.0,3812281.0,3812281.0,,,0.0,13656556.0,-0.7208460903319988
datasets/linear,alex,1000000,42,2210436.0,2210436,2210436,,,3810513.0,3810513.0,3810513.0,,,0.0,13526803.5,-0.7182990793057651
datasets/linear,alex,2000000,21,2899942.0,2899942,2899942,,,1980895.0,1980895.0,1980895.0,,,0.0,3851564.5,-0.48569081473255865
datasets/linear,alex,2000000,22,2466213.0,2466213,2466213,,,4412744.0,4412744.0,4412744.0,,,0.0,12249002.0,-0.6397466503801698
datasets/linear,alex,2000000,41,2609870.0,2609870,2609870,,,3797593.0,3797593.0,3797593.0,,,0.0,13586034.0,-0.7204781763390258
datasets/linear,alex,2000000,42,2208325.0,2208325,2208325,,,3819136.0,3819136.0,3819136.0,,,0.0,13548922.5,-0.7181225296697947
datasets/linear,alex,5000000,21,3484940.0,3484940,3484940,,,2136670.0,2136670.0,2136670.0,,,0.0,3925004.5,-0.45562610182994695
datasets/linear,alex,5000000,22,2954556.0,2954556,2954556,,,6463563.0,6463563.0,6463563.0,,,0.0,13481681.5,-0.5205670004887744
datasets/linear,alex,5000000,41,3601877.0,3601877,3601877,,,6239004.0,6239004.0,6239004.0,,,0.0,13687170.0,-0.5441713663233525
datasets/linear,alex,5000000,42,2895560.0,2895560,2895560,,,6234460.0,6234460.0,6234460.0,,,0.0,13430309.0,-0.5357917677098867
datasets/linear,alex,10000000,21,3511909.0,3511909,3511909,,,2215217.0,2215217.0,2215217.0,,,0.0,3480885.0,-0.36360523257734745
datasets/linear,alex,10000000,22,3062981.0,3062981,3062981,,,6958434.0,6958434.0,6958434.0,,,0.0,13717404.5,-0.49272954661357404
datasets/linear,alex,10000000,41,3817676.0,3817676,3817676,,,6725947.0,6725947.0,6725947.0,,,0.0,13731272.0,-0.5101730560722998
datasets/linear,alex,10000000,42,3015801.0,3015801,3015801,,,6673790.0,6673790.0,6673790.0,,,0.0,13584834.0,-0.5087323113407201
datasets/linear,alex,20000000,21,3292054.0,3292054,3292054,,,2236817.0,2236817.0,2236817.0,,,0.0,3414306.0,-0.3448692062164317
datasets/linear,alex,20000000,22,3012330.0,3012330,3012330,,,6748578.0,6748578.0,6748578.0,,,0.0,13480013.0,-0.4993641326607029
datasets/linear,alex,20000000,41,4044321.0,4044321,4044321,,,7214047.0,7214047.0,7214047.0,,,0.0,13713685.0,-0.47395269761555703
datasets/linear,alex,20000000,42,3078539.0,3078539,3078539,,,7167017.0,7167017.0,7167017.0,,,0.0,13629800.5,-0.4741656710235781
datasets/linear,alex,50000000,21,3002375.0,3002375,3002375,,,2626083.0,2626083.0,2626083.0,,,0.0,3365364.0,-0.2196734142280003
datasets/linear,alex,50000000,22,3123708.0,3123708,3123708,,,7484875.0,7484875.0,7484875.0,,,0.0,12252234.0,-0.3891012039110582
datasets/linear,alex,50000000,41,4159724.0,4159724,4159724,,,7360326.0,7360326.0,7360326.0,,,0.0,13015079.0,-0.43447704005484716
datasets/linear,alex,50000000,42,3263456.0,3263456,3263456,,,7361436.0,7361436.0,7361436.0,,,0.0,12802175.0,-0.4249855200385872
datasets/linear,alex,100000000,21,2366271.0,2366271,2366271,,,3026725.0,3026725.0,3026725.0,,,0.0,3966915.0,-0.23700785118914824
datasets/linear,alex,100000000,22,3311501.0,3311501,3311501,,,7561611.0,7561611.0,7561611.0,,,0.0,12315929.5,-0.38603001909031714
datasets/linear,alex,100000000,41,4349220.0,4349220,4349220,,,8508072.0,8508072.0,8508072.0,,,0.0,12140522.5,-0.29920050805062137
datasets/linear,alex,100000000,42,3317640.0,3317640,3317640,,,8467842.0,8467842.0,8467842.0,,,0.0,12501806.5,-0.32267052765534326
datasets/linear,lipp,0,21,193986.0,193986,193986,,,,,,,,0.0,680152.5,
datasets/linear,lipp,0,22,1322397.0,1322397,1322397,,,6112253.0,6112253.0,6112253.0,,,0.0,5943678.5,0.02836198155738067
datasets/linear,lipp,1000000,21,5078221.0,5078221,5078221,,,2583704.0,2583704.0,2583704.0,,,0.0,844655.0,2.0588867644186086
datasets/linear,lipp,1000000,22,1254460.0,1254460,1254460,,,5438745.0,5438745.0,5438745.0,,,0.0,1832595.5,1.967782579407185
datasets/linear,lipp,1000000,41,197561.0,197561,197561,,,,,,,,0.0,690663.5,
datasets/linear,lipp,1000000,42,1226682.0,1226682,1226682,,,1831177.0,1831177.0,1831177.0,,,0.0,1909982.5,-0.0412598021186058
datasets/linear,lipp,2000000,21,5886288.0,5886288,5886288,,,1056601.0,1056601.0,1056601.0,,,0.0,873786.5,0.20922101680444824
datasets/linear,lipp,2000000,22,1433980.0,1433980,1433980,,,2046776.0,2046776.0,2046776.0,,,0.0,1940279.5,0.054887195375717776
datasets/linear,lipp,2000000,41,200792.0,200792,200792,,,261632.0,261632.0,261632.0,,,0.0,687043.0,-0.6191912296610256
datasets/linear,lipp,2000000,42,1226804.0,1226804,1226804,,,1827952.0,1827952.0,1827952.0,,,0.0,4506337.0,-0.5943596761627016
datasets/linear,lipp,5000000,21,9991074.0,9991074,9991074,,,3392323.0,3392323.0,3392323.0,,,0.0,1285000.0,1.6399400778210116
datasets/linear,lipp,5000000,22,2360030.0,2360030,2360030,,,3413117.0,3413117.0,3413117.0,,,0.0,2363441.0,0.44413040139356136
datasets/linear,lipp,5000000,41,203907.0,203907,203907,,,268261.0,268261.0,268261.0,,,0.0,711764.0,-0.6231040063841385
datasets/linear,lipp,5000000,42,1291592.0,1291592,1291592,,,1959398.0,1959398.0,1959398.0,,,0.0,4521134.5,-0.5666136453140246
datasets/linear,lipp,10000000,21,10372600.0,10372600,10372600,,,3431787.0,3431787.0,3431787.0,,,0.0,2213057.0,0.5506997786320009
datasets/linear,lipp,10000000,22,2372225.0,2372225,2372225,,,3422528.0,3422528.0,3422528.0,,,0.0,2964123.5,0.15465094487459782
datasets/linear,lipp,10000000,41,1792106.0,1792106,1792106,,,9085696.0,9085696.0,9085696.0,,,0.0,749483.5,11.12260977059535
datasets/linear,lipp,10000000,42,5615973.0,5615973,5615973,,,10000807.0,10000807.0,10000807.0,,,0.0,4665666.0,1.1434896968621415
datasets/linear,lipp,20000000,21,10852037.0,10852037,10852037,,,3430630.0,3430630.0,3430630.0,,,0.0,4014067.0,-0.14534809707959534
datasets/linear,lipp,20000000,22,2379452.0,2379452,2379452,,,3362401.0,3362401.0,3362401.0,,,0.0,4244610.5,-0.20784227433824612
datasets/linear,lipp,20000000,41,1698635.0,1698635,1698635,,,8902028.0,8902028.0,8902028.0,,,0.0,842579.5,9.565208386864384
datasets/linear,lipp,20000000,42,4749121.0,4749121,4749121,,,15133895.0,15133895.0,15133895.0,,,0.0,4730053.5,2.1995187792273385
datasets/linear,lipp,50000000,21,8053688.0,8053688,8053688,,,4004741.0,4004741.0,4004741.0,,,0.0,5375374.0,-0.25498374624723785
datasets/linear,lipp,50000000,22,3992596.0,3992596,3992596,,,3819762.0,3819762.0,3819762.0,,,0.0,5390279.5,-0.2913610509436477
datasets/linear,lipp,50000000,41,1596017.0,1596017,1596017,,,7453108.0,7453108.0,7453108.0,,,0.0,1201801.5,5.20161316157452
datasets/linear,lipp,50000000,42,3133967.0,3133967,3133967,,,4557329.0,4557329.0,4557329.0,,,0.0,5517934.0,-0.17408780170259375
datasets/linear,lipp,100000000,21,49996797.0,49996797,49996797,,,16204974.0,16204974.0,16204974.0,,,0.0,18576031.5,-0.12764069117776852
datasets/linear,lipp,100000000,22,12112218.0,12112218,12112218,,,16251380.0,16251380.0,16251380.0,,,0.0,18468062.0,-0.12002786215467547
datasets/linear,lipp,100000000,41,1480960.0,1480960,1480960,,,7046939.0,7046939.0,7046939.0,,,0.0,2470551.5,1.8523748644786397
datasets/linear,lipp,100000000,42,2631266.0,2631266,2631266,,,4880133.0,4880133.0,4880133.0,,,0.0,3012352.5,0.6200404833099712
datasets/linear,lipp,200000000,10,33200201.0,33200201,33200201,,,14109877.0,14109877.0,14109877.0,,,0.0,15761088.5,-0.10476506746345597
datasets/osm,alex,0,21,6147795.0,6147795,6147795,,,1997644.0,1997644.0,1997644.0,,,0.0,1949739.0,0.02456995526067848
datasets/osm,alex,0,22,1324380.0,1324380,1324380,,,2771297.0,2771297.0,2771297.0,,,0.0,2467492.0,0.12312299290129411
datasets/osm,alex,1000000,21,4481504.0,4481504,4481504,,,2564819.0,2564819.0,2564819.0,,,0.0,2488566.0,0.03064134123828743
datasets/osm,alex,1000000,22,1371925.0,1371925,1371925,,,2806078.0,2806078.0,2806078.0,,,0.0,2623546.0,0.06957453766772147
datasets/osm,alex,1000000,41,6148579.0,6148579,6148579,,,2252315.0,2252315.0,2252315.0,,,0.0,1982465.0,0.13611841823184773
datasets/osm,alex,1000000,42,1332514.0,1332514,1332514,,,2842410.0,2842410.0,2842410.0,,,0.0,2696454.5,0.05412867155740993
datasets/osm,alex,2000000,21,4299789.0,4299789,4299789,,,2623346.0,2623346.0,2623346.0,,,0.0,2305167.0,0.13802861137609554
datasets/osm,alex,2000000,22,1364964.0,1364964,1364964,,,2717778.0,2717778.0,2717778.0,,,0.0,2489725.5,0.09159744718845511
datasets/osm,alex,2000000,41,6163410.0,6163410,6163410,,,2251529.0,2251529.0,2251529.0,,,0.0,1992620.5,0.12993367276909978
datasets/osm,alex,2000000,42,1334756.0,1334756,1334756,,,2837398.0,2837398.0,2837398.0,,,0.0,2703930.0,0.049360745285565825
datasets/osm,alex,5000000,21,4156480.0,4156480,4156480,,,2594757.0,2594757.0,2594757.0,,,0.0,2567026.0,0.010802773326020072
datasets/osm,alex,5000000,22,1374897.0,1374897,1374897,,,2779849.0,2779849.0,2779849.0,,,0.0,2682366.5,0.036341976385404456
datasets/osm,alex,5000000,41,6178427.0,6178427,6178427,,,2244538.0,2244538.0,2244538.0,,,0.0,1969962.0,0.13938136877767185
datasets/osm,alex,5000000,42,1335170.0,1335170,1335170,,,2835547.0,2835547.0,2835547.0,,,0.0,2686007.5,0.05567352287735607
datasets/osm,alex,10000000,21,4102388.0,4102388,4102388,,,2583698.0,2583698.0,2583698.0,,,0.0,2347311.5,0.10070521104676564
datasets/osm,alex,10000000,22,1359945.0,1359945,1359945,,,2739581.0,2739581.0,2739581.0,,,0.0,2449884.0,0.11824927221043935
datasets/osm,alex,10000000,41,6131405.0,6131405,6131405,,,2263674.0,2263674.0,2263674.0,,,0.0,1894677.5,0.19475425237276528
datasets/osm,alex,10000000,42,1339577.0,1339577,1339577,,,2833987.0,2833987.0,2833987.0,,,0.0,2713744.5,0.044308703343295584
datasets/osm,alex,20000000,21,4077027.0,4077027,4077027,,,2560623.0,2560623.0,2560623.0,,,0.0,2313282.5,0.1069218740037155
datasets/osm,alex,20000000,22,1354185.0,1354185,1354185,,,2714733.0,2714733.0,2714733.0,,,0.0,2429473.5,0.11741618091327195
datasets/osm,alex,20000000,41,6193666.0,6193666,6193666,,,2272433.0,2272433.0,2272433.0,,,0.0,1888417.5,0.20335307208284184
datasets/osm,alex,20000000,42,1347088.0,1347088,1347088,,,2813017.0,2813017.0,2813017.0,,,0.0,2704015.0,0.04031116691290544
datasets/osm,alex,50000000,21,4154232.0,4154232,4154232,,,2525879.0,2525879.0,2525879.0,,,0.0,2438282.0,0.035925705066108024
datasets/osm,alex,50000000,22,1337438.0,1337438,1337438,,,2706309.0,2706309.0,2706309.0,,,0.0,2376526.5,0.13876659906800956
datasets/osm,alex,50000000,41,6242468.0,6242468,6242468,,,2313828.0,2313828.0,2313828.0,,,0.0,2109140.5,0.09704782587978374
datasets/osm,alex,50000000,42,1379780.0,1379780,1379780,,,2793531.0,2793531.0,2793531.0,,,0.0,2476143.0,0.12817838065087517
datasets/osm,alex,100000000,21,4380566.0,4380566,4380566,,,2564658.0,2564658.0,2564658.0,,,0.0,2457433.0,0.043632929158190684
datasets/osm,alex,100000000,22,1363598.0,1363598,1363598,,,2793881.0,2793881.0,2793881.0,,,0.0,2648804.5,0.05477055781202426
datasets/osm,alex,100000000,41,3000347.0,3000347,3000347,,,2432879.0,2432879.0,2432879.0,,,0.0,2089331.0,0.16442966672107004
datasets/osm,alex,100000000,42,1476696.0,1476696,1476696,,,2842380.0,2842380.0,2842380.0,,,0.0,2615649.0,0.0866825021247117
datasets/osm,alex,200000000,10,2180542.0,2180542,2180542,,,2809859.0,2809859.0,2809859.0,,,0.0,2665614.5,0.054113038475743586
datasets/osm,lipp,0,21,376372.0,376372,376372,,,635567.0,635567.0,635567.0,,,0.0,672374.0,-0.054741854979520325
datasets/osm,lipp,0,22,1415642.0,1415642,1415642,,,3374937.0,3374937.0,3374937.0,,,0.0,3313702.0,0.018479332178934618
datasets/osm,lipp,1000000,21,3755812.0,3755812,3755812,,,2758513.0,2758513.0,2758513.0,,,0.0,2426077.0,0.1370261537453263
datasets/osm,lipp,1000000,22,1436637.0,1436637,1436637,,,3417364.0,3417364.0,3417364.0,,,0.0,3259493.0,0.048434219677722885
datasets/osm,lipp,1000000,41,2126675.0,2126675,2126675,,,2615935.0,2615935.0,2615935.0,,,0.0,657344.5,2.9795495360499706
datasets/osm,lipp,1000000,42,1360228.0,1360228,1360228,,,3414832.0,3414832.0,3414832.0,,,0.0,3267976.5,0.044937746645362965
datasets/osm,lipp,2000000,21,4361168.0,4361168,4361168,,,2667156.0,2667156.0,2667156.0,,,0.0,2567358.0,0.038871867499585176
datasets/osm,lipp,2000000,22,1439991.0,1439991,1439991,,,3379437.0,3379437.0,3379437.0,,,0.0,3280338.0,0.03020999665278395
datasets/osm,lipp,2000000,41,2295115.0,2295115,2295115,,,2399292.0,2399292.0,2399292.0,,,0.0,663303.5,2.6171857980547366
datasets/osm,lipp,2000000,42,1422405.0,1422405,1422405,,,3382632.0,3382632.0,3382632.0,,,0.0,2975170.5,0.13695399977917233
datasets/osm,lipp,5000000,21,5106165.0,5106165,5106165,,,2639304.0,2639304.0,2639304.0,,,0.0,2524314.5,0.0455527629382155
datasets/osm,lipp,5000000,22,1382486.0,1382486,1382486,,,3355503.0,3355503.0,3355503.0,,,0.0,3246263.0,0.033651001166572145
datasets/osm,lipp,5000000,41,2614199.0,2614199,2614199,,,2254834.0,2254834.0,2254834.0,,,0.0,669330.0,2.3687926732702853
datasets/osm,lipp,5000000,42,1423292.0,1423292,1423292,,,3325053.0,3325053.0,3325053.0,,,0.0,2849552.0,0.166868686726896
datasets/osm,lipp,10000000,21,5765250.0,5765250,5765250,,,2637376.0,2637376.0,2637376.0,,,0.0,2506380.0,0.05226501966980266
datasets/osm,lipp,10000000,22,1364111.0,1364111,1364111,,,3231692.0,3231692.0,3231692.0,,,0.0,3149254.5,0.02617683010375948
datasets/osm,lipp,10000000,41,2896145.0,2896145,2896145,,,2108237.0,2108237.0,2108237.0,,,0.0,701163.5,2.0067694624720196
datasets/osm,lipp,10000000,42,1407378.0,1407378,1407378,,,3231571.0,3231571.0,3231571.0,,,0.0,2902752.5,0.1132781730443777
datasets/osm,lipp,20000000,21,6489116.0,6489116,6489116,,,2727616.0,2727616.0,2727616.0,,,0.0,2644877.0,0.03128274018035621
datasets/osm,lipp,20000000,22,1353020.0,1353020,1353020,,,2798255.0,2798255.0,2798255.0,,,0.0,2906887.0,-0.037370561703980926
datasets/osm,lipp,20000000,41,3237901.0,3237901,3237901,,,1972234.0,1972234.0,1972234.0,,,0.0,755906.0,1.609099544123211
datasets/osm,lipp,20000000,42,1405952.0,1405952,1405952,,,3157942.0,3157942.0,3157942.0,,,0.0,2981659.0,0.05912245498227665
datasets/osm,lipp,50000000,21,7338112.0,7338112,7338112,,,3003456.0,3003456.0,3003456.0,,,0.0,2886163.0,0.040639769825889946
datasets/osm,lipp,50000000,22,1439589.0,1439589,1439589,,,2964513.0,2964513.0,2964513.0,,,0.0,2857451.0,0.037467659112964666
datasets/osm,lipp,50000000,41,3664263.0,3664263,3664263,,,1901862.0,1901862.0,1901862.0,,,0.0,1007292.5,0.8880930812053103
datasets/osm,lipp,50000000,42,1424357.0,1424357,1424357,,,3044452.0,3044452.0,3044452.0,,,0.0,3009821.5,0.011505831824246056
datasets/osm,lipp,100000000,21,7817481.0,7817481,7817481,,,3309871.0,3309871.0,3309871.0,,,0.0,3164973.5,0.04578158395323057
datasets/osm,lipp,100000000,22,1603964.0,1603964,1603964,,,3278750.0,3278750.0,3278750.0,,,0.0,3170100.5,0.03427320364133566
datasets/osm,lipp,100000000,41,4467121.0,4467121,4467121,,,2203959.0,2203959.0,2203959.0,,,0.0,1560693.0,0.4121669027797267
datasets/osm,lipp,100000000,42,1559820.0,1559820,1559820,,,3120797.0,3120797.0,3120797.0,,,0.0,3108198.5,0.004053312553879683
datasets/osm,lipp,200000000,10,9614704.0,9614704,9614704,,,3987571.0,3987571.0,3987571.0,,,0.0,3921349.0,0.016887555787561882
