id,read_ratio,insert_ratio,update_ratio,scan_ratio,delete_ratio,key_path,backup_key_path,index_type,throughput,init_table_size,zipf_constant,memory_consumption,thread_num,min,50 percentile,90 percentile,99 percentile,99.9 percentile,99.99 percentile,max,avg,seed,scan_num,latency_variance,latency_sample,data_shift,fitness_of_dataset,fitness_of_bulkload,fitness_of_insert,error_bound,table_size,test_suite,preload_suite
20241211205616,0,0,0,0,1,datasets/linear,,alex,0,200000000,0.99,0,1,0,0,0,0,0,0,0,0,1866,100,0,0,0,0,0,0,64,200000000,10,34
20241211205616,0,1,0,0,0,datasets/linear,,alex,15204227,200000000,0.99,0,1,0,0,0,0,0,0,0,0,1866,100,0,0,0,0,0,0,64,200000000,10,34
20241211205632,1,0,0,0,0,datasets/linear,,alex,12575835,200000000,0.99,0,1,0,0,0,0,0,0,0,0,1866,100,0,0,0,0,0,0,64,200000000,10,34
20241211205724,0,0,0,0,1,datasets/linear,,alex,0,0,0.99,0,1,0,0,0,0,0,0,0,0,1866,100,0,0,0,0,0,0,64,200000000,21,34
20241211205815,0,1,0,0,0,datasets/linear,,alex,3900504,0,0.99,0,1,0,0,0,0,0,0,0,0,1866,100,0,0,0,0,0,0,64,200000000,21,34
20241211205831,1,0,0,0,0,datasets/linear,,alex,12867990,0,0.99,0,1,0,0,0,0,0,0,0,0,1866,100,0,0,0,0,0,0,64,200000000,21,34
20241211205855,0,0,0,0,1,datasets/linear,,alex,0,0,0.99,0,1,0,0,0,0,0,0,0,0,1866,100,0,0,0,0,0,0,64,200000000,22,34
20241211205949,0,1,0,0,0,datasets/linear,,alex,3730280,0,0.99,0,1,0,0,0,0,0,0,0,0,1866,100,0,0,0,0,0,0,64,200000000,22,34
20241211210003,1,0,0,0,0,datasets/linear,,alex,14419508,0,0.99,0,1,0,0,0,0,0,0,0,0,1866,100,0,0,0,0,0,0,64,200000000,22,34
20241211210050,0,0,0,0,1,datasets/linear,,alex,13113224,1000000,0.99,0,1,0,0,0,0,0,0,0,0,1866,100,0,0,0,0,0,0,64,200000000,21,34
20241211210128,0,1,0,0,0,datasets/linear,,alex,5344299,1000000,0.99,0,1,0,0,0,0,0,0,0,0,1866,100,0,0,0,0,0,0,64,200000000,21,34
20241211210218,1,0,0,0,0,datasets/linear,,alex,3966514,1000000,0.99,0,1,0,0,0,0,0,0,0,0,1866,100,0,0,0,0,0,0,64,200000000,21,34
20241211210243,0,0,0,0,1,datasets/linear,,alex,13076430,1000000,0.99,0,1,0,0,0,0,0,0,0,0,1866,100,0,0,0,0,0,0,64,200000000,22,34
20241211210334,0,1,0,0,0,datasets/linear,,alex,3933665,1000000,0.99,0,1,0,0,0,0,0,0,0,0,1866,100,0,0,0,0,0,0,64,200000000,22,34
20241211210348,1,0,0,0,0,datasets/linear,,alex,14662975,1000000,0.99,0,1,0,0,0,0,0,0,0,0,1866,100,0,0,0,0,0,0,64,200000000,22,34
20241211210436,0,0,0,0,1,datasets/linear,,alex,10808849,2000000,0.99,0,1,0,0,0,0,0,0,0,0,1866,100,0,0,0,0,0,0,64,200000000,21,34
20241211210518,0,1,0,0,0,datasets/linear,,alex,4681956,2000000,0.99,0,1,0,0,0,0,0,0,0,0,1866,100,0,0,0,0,0,0,64,200000000,21,34
20241211210614,1,0,0,0,0,datasets/linear,,alex,3547727,2000000,0.99,0,1,0,0,0,0,0,0,0,0,1866,100,0,0,0,0,0,0,64,200000000,21,34
20241211210640,0,0,0,0,1,datasets/linear,,alex,10804090,2000000,0.99,0,1,0,0,0,0,0,0,0,0,1866,100,0,0,0,0,0,0,64,200000000,22,34
20241211210735,0,1,0,0,0,datasets/linear,,alex,3639185,2000000,0.99,0,1,0,0,0,0,0,0,0,0,1866,100,0,0,0,0,0,0,64,200000000,22,34
20241211210750,1,0,0,0,0,datasets/linear,,alex,12940015,2000000,0.99,0,1,0,0,0,0,0,0,0,0,1866,100,0,0,0,0,0,0,64,200000000,22,34
20241211210839,0,0,0,0,1,datasets/linear,,alex,12597089,5000000,0.99,0,1,0,0,0,0,0,0,0,0,1866,100,0,0,0,0,0,0,64,200000000,21,34
20241211210922,0,1,0,0,0,datasets/linear,,alex,4606905,5000000,0.99,0,1,0,0,0,0,0,0,0,0,1866,100,0,0,0,0,0,0,64,200000000,21,34
20241211211014,1,0,0,0,0,datasets/linear,,alex,3823382,5000000,0.99,0,1,0,0,0,0,0,0,0,0,1866,100,0,0,0,0,0,0,64,200000000,21,34
20241211211042,0,0,0,0,1,datasets/linear,,alex,12614163,5000000,0.99,0,1,0,0,0,0,0,0,0,0,1866,100,0,0,0,0,0,0,64,200000000,22,34
20241211211135,0,1,0,0,0,datasets/linear,,alex,3651426,5000000,0.99,0,1,0,0,0,0,0,0,0,0,1866,100,0,0,0,0,0,0,64,200000000,22,34
20241211211149,1,0,0,0,0,datasets/linear,,alex,14336928,5000000,0.99,0,1,0,0,0,0,0,0,0,0,1866,100,0,0,0,0,0,0,64,200000000,22,34
20241211211241,0,0,0,0,1,datasets/linear,,alex,12422887,10000000,0.99,0,1,0,0,0,0,0,0,0,0,1866,100,0,0,0,0,0,0,64,200000000,21,34
20241211211325,0,1,0,0,0,datasets/linear,,alex,4329303,10000000,0.99,0,1,0,0,0,0,0,0,0,0,1866,100,0,0,0,0,0,0,64,200000000,21,34
20241211211419,1,0,0,0,0,datasets/linear,,alex,3732477,10000000,0.99,0,1,0,0,0,0,0,0,0,0,1866,100,0,0,0,0,0,0,64,200000000,21,34
20241211211450,0,0,0,0,1,datasets/linear,,alex,12504180,10000000,0.99,0,1,0,0,0,0,0,0,0,0,1866,100,0,0,0,0,0,0,64,200000000,22,34
20241211211539,0,1,0,0,0,datasets/linear,,alex,3920049,10000000,0.99,0,1,0,0,0,0,0,0,0,0,1866,100,0,0,0,0,0,0,64,200000000,22,34
20241211211552,1,0,0,0,0,datasets/linear,,alex,14769045,10000000,0.99,0,1,0,0,0,0,0,0,0,0,1866,100,0,0,0,0,0,0,64,200000000,22,34
20241211211650,0,0,0,0,1,datasets/linear,,alex,12282195,20000000,0.99,0,1,0,0,0,0,0,0,0,0,1866,100,0,0,0,0,0,0,64,200000000,21,34
20241211211735,0,1,0,0,0,datasets/linear,,alex,4066856,20000000,0.99,0,1,0,0,0,0,0,0,0,0,1866,100,0,0,0,0,0,0,64,200000000,21,34
20241211211830,1,0,0,0,0,datasets/linear,,alex,3611638,20000000,0.99,0,1,0,0,0,0,0,0,0,0,1866,100,0,0,0,0,0,0,64,200000000,21,34
20241211211908,0,0,0,0,1,datasets/linear,,alex,12293131,20000000,0.99,0,1,0,0,0,0,0,0,0,0,1866,100,0,0,0,0,0,0,64,200000000,22,34
20241211211958,0,1,0,0,0,datasets/linear,,alex,3629619,20000000,0.99,0,1,0,0,0,0,0,0,0,0,1866,100,0,0,0,0,0,0,64,200000000,22,34
20241211212013,1,0,0,0,0,datasets/linear,,alex,13660403,20000000,0.99,0,1,0,0,0,0,0,0,0,0,1866,100,0,0,0,0,0,0,64,200000000,22,34
20241211212129,0,0,0,0,1,datasets/linear,,alex,10709645,50000000,0.99,0,1,0,0,0,0,0,0,0,0,1866,100,0,0,0,0,0,0,64,200000000,21,34
20241211212212,0,1,0,0,0,datasets/linear,,alex,3498228,50000000,0.99,0,1,0,0,0,0,0,0,0,0,1866,100,0,0,0,0,0,0,64,200000000,21,34
20241211212316,1,0,0,0,0,datasets/linear,,alex,3115421,50000000,0.99,0,1,0,0,0,0,0,0,0,0,1866,100,0,0,0,0,0,0,64,200000000,21,34
20241211212418,0,0,0,0,1,datasets/linear,,alex,10712812,50000000,0.99,0,1,0,0,0,0,0,0,0,0,1866,100,0,0,0,0,0,0,64,200000000,22,34
20241211212459,0,1,0,0,0,datasets/linear,,alex,3616872,50000000,0.99,0,1,0,0,0,0,0,0,0,0,1866,100,0,0,0,0,0,0,64,200000000,22,34
20241211212515,1,0,0,0,0,datasets/linear,,alex,12527238,50000000,0.99,0,1,0,0,0,0,0,0,0,0,1866,100,0,0,0,0,0,0,64,200000000,22,34
20241211212646,0,0,0,0,1,datasets/linear,,alex,10901244,100000000,0.99,0,1,0,0,0,0,0,0,0,0,1866,100,0,0,0,0,0,0,64,200000000,21,34
20241211212721,0,1,0,0,0,datasets/linear,,alex,2853881,100000000,0.99,0,1,0,0,0,0,0,0,0,0,1866,100,0,0,0,0,0,0,64,200000000,21,34
20241211212814,1,0,0,0,0,datasets/linear,,alex,3767065,100000000,0.99,0,1,0,0,0,0,0,0,0,0,1866,100,0,0,0,0,0,0,64,200000000,21,34
20241211212934,0,0,0,0,1,datasets/linear,,alex,10934862,100000000,0.99,0,1,0,0,0,0,0,0,0,0,1866,100,0,0,0,0,0,0,64,200000000,22,34
20241211212958,0,1,0,0,0,datasets/linear,,alex,4188159,100000000,0.99,0,1,0,0,0,0,0,0,0,0,1866,100,0,0,0,0,0,0,64,200000000,22,34
20241211213014,1,0,0,0,0,datasets/linear,,alex,12901573,100000000,0.99,0,1,0,0,0,0,0,0,0,0,1866,100,0,0,0,0,0,0,64,200000000,22,34
20241211213043,0,0,0,0,1,datasets/linear,,alex,1119108,1000000,0.99,0,1,0,0,0,0,0,0,0,0,1866,100,0,0,0,0,0,0,64,200000000,41,34
20241211213133,0,1,0,0,0,datasets/linear,,alex,3985517,1000000,0.99,0,1,0,0,0,0,0,0,0,0,1866,100,0,0,0,0,0,0,64,200000000,41,34
20241211213147,1,0,0,0,0,datasets/linear,,alex,14416248,1000000,0.99,0,1,0,0,0,0,0,0,0,0,1866,100,0,0,0,0,0,0,64,200000000,41,34
20241211213221,0,0,0,0,1,datasets/linear,,alex,1119039,1000000,0.99,0,1,0,0,0,0,0,0,0,0,1866,100,0,0,0,0,0,0,64,200000000,42,34
20241211213317,0,1,0,0,0,datasets/linear,,alex,3562513,1000000,0.99,0,1,0,0,0,0,0,0,0,0,1866,100,0,0,0,0,0,0,64,200000000,42,34
20241211213331,1,0,0,0,0,datasets/linear,,alex,13958441,1000000,0.99,0,1,0,0,0,0,0,0,0,0,1866,100,0,0,0,0,0,0,64,200000000,42,34
20241211213356,0,0,0,0,1,datasets/linear,,alex,576653,2000000,0.99,0,1,0,0,0,0,0,0,0,0,1866,100,0,0,0,0,0,0,64,200000000,41,34
20241211213446,0,1,0,0,0,datasets/linear,,alex,3955744,2000000,0.99,0,1,0,0,0,0,0,0,0,0,1866,100,0,0,0,0,0,0,64,200000000,41,34
20241211213500,1,0,0,0,0,datasets/linear,,alex,14470861,2000000,0.99,0,1,0,0,0,0,0,0,0,0,1866,100,0,0,0,0,0,0,64,200000000,41,34
20241211213534,0,0,0,0,1,datasets/linear,,alex,576099,2000000,0.99,0,1,0,0,0,0,0,0,0,0,1866,100,0,0,0,0,0,0,64,200000000,42,34
20241211213631,0,1,0,0,0,datasets/linear,,alex,3483588,2000000,0.99,0,1,0,0,0,0,0,0,0,0,1866,100,0,0,0,0,0,0,64,200000000,42,34
20241211213647,1,0,0,0,0,datasets/linear,,alex,12587267,2000000,0.99,0,1,0,0,0,0,0,0,0,0,1866,100,0,0,0,0,0,0,64,200000000,42,34
20241211213713,0,0,0,0,1,datasets/linear,,alex,231668,5000000,0.99,0,1,0,0,0,0,0,0,0,0,1866,100,0,0,0,0,0,0,64,200000000,41,34
20241211213803,0,1,0,0,0,datasets/linear,,alex,3936688,5000000,0.99,0,1,0,0,0,0,0,0,0,0,1866,100,0,0,0,0,0,0,64,200000000,41,34
20241211213817,1,0,0,0,0,datasets/linear,,alex,14428679,5000000,0.99,0,1,0,0,0,0,0,0,0,0,1866,100,0,0,0,0,0,0,64,200000000,41,34
20241211213852,0,0,0,0,1,datasets/linear,,alex,231372,5000000,0.99,0,1,0,0,0,0,0,0,0,0,1866,100,0,0,0,0,0,0,64,200000000,42,34
20241211213947,0,1,0,0,0,datasets/linear,,alex,3515509,5000000,0.99,0,1,0,0,0,0,0,0,0,0,1866,100,0,0,0,0,0,0,64,200000000,42,34
20241211214002,1,0,0,0,0,datasets/linear,,alex,13861017,5000000,0.99,0,1,0,0,0,0,0,0,0,0,1866,100,0,0,0,0,0,0,64,200000000,42,34
20241211214030,0,0,0,0,1,datasets/linear,,alex,113747,10000000,0.99,0,1,0,0,0,0,0,0,0,0,1866,100,0,0,0,0,0,0,64,200000000,41,34
20241211214119,0,1,0,0,0,datasets/linear,,alex,3958211,10000000,0.99,0,1,0,0,0,0,0,0,0,0,1866,100,0,0,0,0,0,0,64,200000000,41,34
20241211214132,1,0,0,0,0,datasets/linear,,alex,14438495,10000000,0.99,0,1,0,0,0,0,0,0,0,0,1866,100,0,0,0,0,0,0,64,200000000,41,34
20241211214209,0,0,0,0,1,datasets/linear,,alex,113993,10000000,0.99,0,1,0,0,0,0,0,0,0,0,1866,100,0,0,0,0,0,0,64,200000000,42,34
20241211214304,0,1,0,0,0,datasets/linear,,alex,3477181,10000000,0.99,0,1,0,0,0,0,0,0,0,0,1866,100,0,0,0,0,0,0,64,200000000,42,34
20241211214319,1,0,0,0,0,datasets/linear,,alex,13631662,10000000,0.99,0,1,0,0,0,0,0,0,0,0,1866,100,0,0,0,0,0,0,64,200000000,42,34
20241211214354,0,0,0,0,1,datasets/linear,,alex,54796,20000000,0.99,0,1,0,0,0,0,0,0,0,0,1866,100,0,0,0,0,0,0,64,200000000,41,34
20241211214438,0,1,0,0,0,datasets/linear,,alex,4026424,20000000,0.99,0,1,0,0,0,0,0,0,0,0,1866,100,0,0,0,0,0,0,64,200000000,41,34
20241211214454,1,0,0,0,0,datasets/linear,,alex,13209555,20000000,0.99,0,1,0,0,0,0,0,0,0,0,1866,100,0,0,0,0,0,0,64,200000000,41,34
20241211214536,0,0,0,0,1,datasets/linear,,alex,54752,20000000,0.99,0,1,0,0,0,0,0,0,0,0,1866,100,0,0,0,0,0,0,64,200000000,42,34
20241211214625,0,1,0,0,0,datasets/linear,,alex,3673180,20000000,0.99,0,1,0,0,0,0,0,0,0,0,1866,100,0,0,0,0,0,0,64,200000000,42,34
20241211214640,1,0,0,0,0,datasets/linear,,alex,13643229,20000000,0.99,0,1,0,0,0,0,0,0,0,0,1866,100,0,0,0,0,0,0,64,200000000,42,34
20241211214742,0,0,0,0,1,datasets/linear,,alex,19126,50000000,0.99,0,1,0,0,0,0,0,0,0,0,1866,100,0,0,0,0,0,0,64,200000000,41,34
20241211214819,0,1,0,0,0,datasets/linear,,alex,3980181,50000000,0.99,0,1,0,0,0,0,0,0,0,0,1866,100,0,0,0,0,0,0,64,200000000,41,34
20241211214834,1,0,0,0,0,datasets/linear,,alex,13520389,50000000,0.99,0,1,0,0,0,0,0,0,0,0,1866,100,0,0,0,0,0,0,64,200000000,41,34
20241211214943,0,0,0,0,1,datasets/linear,,alex,19187,50000000,0.99,0,1,0,0,0,0,0,0,0,0,1866,100,0,0,0,0,0,0,64,200000000,42,34
20241211215026,0,1,0,0,0,datasets/linear,,alex,3510447,50000000,0.99,0,1,0,0,0,0,0,0,0,0,1866,100,0,0,0,0,0,0,64,200000000,42,34
20241211215042,1,0,0,0,0,datasets/linear,,alex,11896429,50000000,0.99,0,1,0,0,0,0,0,0,0,0,1866,100,0,0,0,0,0,0,64,200000000,42,34
20241211215244,0,0,0,0,1,datasets/linear,,alex,7942,100000000,0.99,0,1,0,0,0,0,0,0,0,0,1866,100,0,0,0,0,0,0,64,200000000,41,34
20241211215309,0,1,0,0,0,datasets/linear,,alex,3991784,100000000,0.99,0,1,0,0,0,0,0,0,0,0,1866,100,0,0,0,0,0,0,64,200000000,41,34
20241211215325,1,0,0,0,0,datasets/linear,,alex,12706449,100000000,0.99,0,1,0,0,0,0,0,0,0,0,1866,100,0,0,0,0,0,0,64,200000000,41,34
20241211215532,0,0,0,0,1,datasets/linear,,alex,7951,100000000,0.99,0,1,0,0,0,0,0,0,0,0,1866,100,0,0,0,0,0,0,64,200000000,42,34
20241211215600,0,1,0,0,0,datasets/linear,,alex,3626286,100000000,0.99,0,1,0,0,0,0,0,0,0,0,1866,100,0,0,0,0,0,0,64,200000000,42,34
20241211215619,1,0,0,0,0,datasets/linear,,alex,10446830,100000000,0.99,0,1,0,0,0,0,0,0,0,0,1866,100,0,0,0,0,0,0,64,200000000,42,34
20241211220036,0,0,0,0,1,datasets/covid,,alex,12041587,200000000,0.99,0,1,0,0,0,0,0,0,0,0,1866,100,0,0,0,0,0,0,64,200000000,10,34
20241211220036,0,1,0,0,0,datasets/covid,,alex,3534164,200000000,0.99,0,1,0,0,0,0,0,0,0,0,1866,100,0,0,0,0,0,0,64,200000000,10,34
20241211220059,1,0,0,0,0,datasets/covid,,alex,8836226,200000000,0.99,0,1,0,0,0,0,0,0,0,0,1866,100,0,0,0,0,0,0,64,200000000,10,34
20241211220250,0,0,0,0,1,datasets/covid,,alex,0,0,0.99,0,1,0,0,0,0,0,0,0,0,1866,100,0,0,0,0,0,0,64,200000000,21,34
20241211220323,0,1,0,0,0,datasets/covid,,alex,5998531,0,0.99,0,1,0,0,0,0,0,0,0,0,1866,100,0,0,0,0,0,0,64,200000000,21,34
20241211220351,1,0,0,0,0,datasets/covid,,alex,7099669,0,0.99,0,1,0,0,0,0,0,0,0,0,1866,100,0,0,0,0,0,0,64,200000000,21,34
20241211220450,0,0,0,0,1,datasets/covid,,alex,0,0,0.99,0,1,0,0,0,0,0,0,0,0,1866,100,0,0,0,0,0,0,64,200000000,22,34
20241211220612,0,1,0,0,0,datasets/covid,,alex,2442691,0,0.99,0,1,0,0,0,0,0,0,0,0,1866,100,0,0,0,0,0,0,64,200000000,22,34
20241211220635,1,0,0,0,0,datasets/covid,,alex,8442936,0,0.99,0,1,0,0,0,0,0,0,0,0,1866,100,0,0,0,0,0,0,64,200000000,22,34
20241211220757,0,0,0,0,1,datasets/covid,,alex,10745212,1000000,0.99,0,1,0,0,0,0,0,0,0,0,1866,100,0,0,0,0,0,0,64,200000000,21,34
20241211220838,0,1,0,0,0,datasets/covid,,alex,4843293,1000000,0.99,0,1,0,0,0,0,0,0,0,0,1866,100,0,0,0,0,0,0,64,200000000,21,34
20241211220930,1,0,0,0,0,datasets/covid,,alex,3822267,1000000,0.99,0,1,0,0,0,0,0,0,0,0,1866,100,0,0,0,0,0,0,64,200000000,21,34
20241211221029,0,0,0,0,1,datasets/covid,,alex,10616680,1000000,0.99,0,1,0,0,0,0,0,0,0,0,1866,100,0,0,0,0,0,0,64,200000000,22,34
20241211221144,0,1,0,0,0,datasets/covid,,alex,2678470,1000000,0.99,0,1,0,0,0,0,0,0,0,0,1866,100,0,0,0,0,0,0,64,200000000,22,34
20241211221211,1,0,0,0,0,datasets/covid,,alex,7425212,1000000,0.99,0,1,0,0,0,0,0,0,0,0,1866,100,0,0,0,0,0,0,64,200000000,22,34
20241211221333,0,0,0,0,1,datasets/covid,,alex,11687260,2000000,0.99,0,1,0,0,0,0,0,0,0,0,1866,100,0,0,0,0,0,0,64,200000000,21,34
20241211221416,0,1,0,0,0,datasets/covid,,alex,4547825,2000000,0.99,0,1,0,0,0,0,0,0,0,0,1866,100,0,0,0,0,0,0,64,200000000,21,34
20241211221509,1,0,0,0,0,datasets/covid,,alex,3767631,2000000,0.99,0,1,0,0,0,0,0,0,0,0,1866,100,0,0,0,0,0,0,64,200000000,21,34
20241211221610,0,0,0,0,1,datasets/covid,,alex,11637805,2000000,0.99,0,1,0,0,0,0,0,0,0,0,1866,100,0,0,0,0,0,0,64,200000000,22,34
20241211221717,0,1,0,0,0,datasets/covid,,alex,2926817,2000000,0.99,0,1,0,0,0,0,0,0,0,0,1866,100,0,0,0,0,0,0,64,200000000,22,34
20241211221742,1,0,0,0,0,datasets/covid,,alex,8213451,2000000,0.99,0,1,0,0,0,0,0,0,0,0,1866,100,0,0,0,0,0,0,64,200000000,22,34
20241211221907,0,0,0,0,1,datasets/covid,,alex,11234902,5000000,0.99,0,1,0,0,0,0,0,0,0,0,1866,100,0,0,0,0,0,0,64,200000000,21,34
20241211221952,0,1,0,0,0,datasets/covid,,alex,4344257,5000000,0.99,0,1,0,0,0,0,0,0,0,0,1866,100,0,0,0,0,0,0,64,200000000,21,34
20241211222046,1,0,0,0,0,datasets/covid,,alex,3713214,5000000,0.99,0,1,0,0,0,0,0,0,0,0,1866,100,0,0,0,0,0,0,64,200000000,21,34
20241211222149,0,0,0,0,1,datasets/covid,,alex,11166138,5000000,0.99,0,1,0,0,0,0,0,0,0,0,1866,100,0,0,0,0,0,0,64,200000000,22,34
20241211222256,0,1,0,0,0,datasets/covid,,alex,2924584,5000000,0.99,0,1,0,0,0,0,0,0,0,0,1866,100,0,0,0,0,0,0,64,200000000,22,34
20241211222320,1,0,0,0,0,datasets/covid,,alex,8400052,5000000,0.99,0,1,0,0,0,0,0,0,0,0,1866,100,0,0,0,0,0,0,64,200000000,22,34
20241211222448,0,0,0,0,1,datasets/covid,,alex,11578020,10000000,0.99,0,1,0,0,0,0,0,0,0,0,1866,100,0,0,0,0,0,0,64,200000000,21,34
20241211222533,0,1,0,0,0,datasets/covid,,alex,4260009,10000000,0.99,0,1,0,0,0,0,0,0,0,0,1866,100,0,0,0,0,0,0,64,200000000,21,34
20241211222627,1,0,0,0,0,datasets/covid,,alex,3678398,10000000,0.99,0,1,0,0,0,0,0,0,0,0,1866,100,0,0,0,0,0,0,64,200000000,21,34
20241211222735,0,0,0,0,1,datasets/covid,,alex,11594954,10000000,0.99,0,1,0,0,0,0,0,0,0,0,1866,100,0,0,0,0,0,0,64,200000000,22,34
20241211222839,0,1,0,0,0,datasets/covid,,alex,2990968,10000000,0.99,0,1,0,0,0,0,0,0,0,0,1866,100,0,0,0,0,0,0,64,200000000,22,34
20241211222904,1,0,0,0,0,datasets/covid,,alex,7977266,10000000,0.99,0,1,0,0,0,0,0,0,0,0,1866,100,0,0,0,0,0,0,64,200000000,22,34
20241211223042,0,0,0,0,1,datasets/covid,,alex,11756635,20000000,0.99,0,1,0,0,0,0,0,0,0,0,1866,100,0,0,0,0,0,0,64,200000000,21,34
20241211223125,0,1,0,0,0,datasets/covid,,alex,4179948,20000000,0.99,0,1,0,0,0,0,0,0,0,0,1866,100,0,0,0,0,0,0,64,200000000,21,34
20241211223220,1,0,0,0,0,datasets/covid,,alex,3622688,20000000,0.99,0,1,0,0,0,0,0,0,0,0,1866,100,0,0,0,0,0,0,64,200000000,21,34
20241211223339,0,0,0,0,1,datasets/covid,,alex,11755286,20000000,0.99,0,1,0,0,0,0,0,0,0,0,1866,100,0,0,0,0,0,0,64,200000000,22,34
20241211223439,0,1,0,0,0,datasets/covid,,alex,3012461,20000000,0.99,0,1,0,0,0,0,0,0,0,0,1866,100,0,0,0,0,0,0,64,200000000,22,34
20241211223503,1,0,0,0,0,datasets/covid,,alex,8324099,20000000,0.99,0,1,0,0,0,0,0,0,0,0,1866,100,0,0,0,0,0,0,64,200000000,22,34
20241211223714,0,0,0,0,1,datasets/covid,,alex,11934661,50000000,0.99,0,1,0,0,0,0,0,0,0,0,1866,100,0,0,0,0,0,0,64,200000000,21,34
20241211223751,0,1,0,0,0,datasets/covid,,alex,4019260,50000000,0.99,0,1,0,0,0,0,0,0,0,0,1866,100,0,0,0,0,0,0,64,200000000,21,34
20241211223849,1,0,0,0,0,datasets/covid,,alex,3447933,50000000,0.99,0,1,0,0,0,0,0,0,0,0,1866,100,0,0,0,0,0,0,64,200000000,21,34
20241211224048,0,0,0,0,1,datasets/covid,,alex,11937738,50000000,0.99,0,1,0,0,0,0,0,0,0,0,1866,100,0,0,0,0,0,0,64,200000000,22,34
20241211224139,0,1,0,0,0,datasets/covid,,alex,2969438,50000000,0.99,0,1,0,0,0,0,0,0,0,0,1866,100,0,0,0,0,0,0,64,200000000,22,34
20241211224202,1,0,0,0,0,datasets/covid,,alex,8396188,50000000,0.99,0,1,0,0,0,0,0,0,0,0,1866,100,0,0,0,0,0,0,64,200000000,22,34
20241211224458,0,0,0,0,1,datasets/covid,,alex,12053613,100000000,0.99,0,1,0,0,0,0,0,0,0,0,1866,100,0,0,0,0,0,0,64,200000000,21,34
20241211224527,0,1,0,0,0,datasets/covid,,alex,3482237,100000000,0.99,0,1,0,0,0,0,0,0,0,0,1866,100,0,0,0,0,0,0,64,200000000,21,34
20241211224621,1,0,0,0,0,datasets/covid,,alex,3682226,100000000,0.99,0,1,0,0,0,0,0,0,0,0,1866,100,0,0,0,0,0,0,64,200000000,21,34
20241211224912,0,0,0,0,1,datasets/covid,,alex,12047680,100000000,0.99,0,1,0,0,0,0,0,0,0,0,1866,100,0,0,0,0,0,0,64,200000000,22,34
20241211224945,0,1,0,0,0,datasets/covid,,alex,2982031,100000000,0.99,0,1,0,0,0,0,0,0,0,0,1866,100,0,0,0,0,0,0,64,200000000,22,34
20241211225009,1,0,0,0,0,datasets/covid,,alex,8399369,100000000,0.99,0,1,0,0,0,0,0,0,0,0,1866,100,0,0,0,0,0,0,64,200000000,22,34
20241211225122,0,0,0,0,1,datasets/covid,,alex,1127528,1000000,0.99,0,1,0,0,0,0,0,0,0,0,1866,100,0,0,0,0,0,0,64,200000000,41,34
20241211225155,0,1,0,0,0,datasets/covid,,alex,6039449,1000000,0.99,0,1,0,0,0,0,0,0,0,0,1866,100,0,0,0,0,0,0,64,200000000,41,34
20241211225224,1,0,0,0,0,datasets/covid,,alex,6953744,1000000,0.99,0,1,0,0,0,0,0,0,0,0,1866,100,0,0,0,0,0,0,64,200000000,41,34
20241211225332,0,0,0,0,1,datasets/covid,,alex,1128758,1000000,0.99,0,1,0,0,0,0,0,0,0,0,1866,100,0,0,0,0,0,0,64,200000000,42,34
20241211225453,0,1,0,0,0,datasets/covid,,alex,2440817,1000000,0.99,0,1,0,0,0,0,0,0,0,0,1866,100,0,0,0,0,0,0,64,200000000,42,34
20241211225517,1,0,0,0,0,datasets/covid,,alex,8456862,1000000,0.99,0,1,0,0,0,0,0,0,0,0,1866,100,0,0,0,0,0,0,64,200000000,42,34
20241211225617,0,0,0,0,1,datasets/covid,,alex,581481,2000000,0.99,0,1,0,0,0,0,0,0,0,0,1866,100,0,0,0,0,0,0,64,200000000,41,34
20241211225650,0,1,0,0,0,datasets/covid,,alex,6049646,2000000,0.99,0,1,0,0,0,0,0,0,0,0,1866,100,0,0,0,0,0,0,64,200000000,41,34
20241211225720,1,0,0,0,0,datasets/covid,,alex,6763276,2000000,0.99,0,1,0,0,0,0,0,0,0,0,1866,100,0,0,0,0,0,0,64,200000000,41,34
20241211225828,0,0,0,0,1,datasets/covid,,alex,581721,2000000,0.99,0,1,0,0,0,0,0,0,0,0,1866,100,0,0,0,0,0,0,64,200000000,42,34
20241211225949,0,1,0,0,0,datasets/covid,,alex,2449487,2000000,0.99,0,1,0,0,0,0,0,0,0,0,1866,100,0,0,0,0,0,0,64,200000000,42,34
20241211230013,1,0,0,0,0,datasets/covid,,alex,8227602,2000000,0.99,0,1,0,0,0,0,0,0,0,0,1866,100,0,0,0,0,0,0,64,200000000,42,34
20241211230116,0,0,0,0,1,datasets/covid,,alex,236874,5000000,0.99,0,1,0,0,0,0,0,0,0,0,1866,100,0,0,0,0,0,0,64,200000000,41,34
20241211230148,0,1,0,0,0,datasets/covid,,alex,6050837,5000000,0.99,0,1,0,0,0,0,0,0,0,0,1866,100,0,0,0,0,0,0,64,200000000,41,34
20241211230217,1,0,0,0,0,datasets/covid,,alex,6976893,5000000,0.99,0,1,0,0,0,0,0,0,0,0,1866,100,0,0,0,0,0,0,64,200000000,41,34
20241211230328,0,0,0,0,1,datasets/covid,,alex,236938,5000000,0.99,0,1,0,0,0,0,0,0,0,0,1866,100,0,0,0,0,0,0,64,200000000,42,34
20241211230447,0,1,0,0,0,datasets/covid,,alex,2463006,5000000,0.99,0,1,0,0,0,0,0,0,0,0,1866,100,0,0,0,0,0,0,64,200000000,42,34
20241211230511,1,0,0,0,0,datasets/covid,,alex,8392086,5000000,0.99,0,1,0,0,0,0,0,0,0,0,1866,100,0,0,0,0,0,0,64,200000000,42,34
20241211230619,0,0,0,0,1,datasets/covid,,alex,119698,10000000,0.99,0,1,0,0,0,0,0,0,0,0,1866,100,0,0,0,0,0,0,64,200000000,41,34
20241211230651,0,1,0,0,0,datasets/covid,,alex,6010964,10000000,0.99,0,1,0,0,0,0,0,0,0,0,1866,100,0,0,0,0,0,0,64,200000000,41,34
20241211230719,1,0,0,0,0,datasets/covid,,alex,6991092,10000000,0.99,0,1,0,0,0,0,0,0,0,0,1866,100,0,0,0,0,0,0,64,200000000,41,34
20241211230836,0,0,0,0,1,datasets/covid,,alex,119480,10000000,0.99,0,1,0,0,0,0,0,0,0,0,1866,100,0,0,0,0,0,0,64,200000000,42,34
20241211230952,0,1,0,0,0,datasets/covid,,alex,2495298,10000000,0.99,0,1,0,0,0,0,0,0,0,0,1866,100,0,0,0,0,0,0,64,200000000,42,34
20241211231016,1,0,0,0,0,datasets/covid,,alex,8385760,10000000,0.99,0,1,0,0,0,0,0,0,0,0,1866,100,0,0,0,0,0,0,64,200000000,42,34
20241211231136,0,0,0,0,1,datasets/covid,,alex,60704,20000000,0.99,0,1,0,0,0,0,0,0,0,0,1866,100,0,0,0,0,0,0,64,200000000,41,34
20241211231206,0,1,0,0,0,datasets/covid,,alex,6006367,20000000,0.99,0,1,0,0,0,0,0,0,0,0,1866,100,0,0,0,0,0,0,64,200000000,41,34
20241211231235,1,0,0,0,0,datasets/covid,,alex,6938396,20000000,0.99,0,1,0,0,0,0,0,0,0,0,1866,100,0,0,0,0,0,0,64,200000000,41,34
20241211231403,0,0,0,0,1,datasets/covid,,alex,60287,20000000,0.99,0,1,0,0,0,0,0,0,0,0,1866,100,0,0,0,0,0,0,64,200000000,42,34
20241211231515,0,1,0,0,0,datasets/covid,,alex,2522567,20000000,0.99,0,1,0,0,0,0,0,0,0,0,1866,100,0,0,0,0,0,0,64,200000000,42,34
20241211231541,1,0,0,0,0,datasets/covid,,alex,7694996,20000000,0.99,0,1,0,0,0,0,0,0,0,0,1866,100,0,0,0,0,0,0,64,200000000,42,34
20241211231752,0,0,0,0,1,datasets/covid,,alex,25489,50000000,0.99,0,1,0,0,0,0,0,0,0,0,1866,100,0,0,0,0,0,0,64,200000000,41,34
20241211231817,0,1,0,0,0,datasets/covid,,alex,6079461,50000000,0.99,0,1,0,0,0,0,0,0,0,0,1866,100,0,0,0,0,0,0,64,200000000,41,34
20241211231847,1,0,0,0,0,datasets/covid,,alex,6686081,50000000,0.99,0,1,0,0,0,0,0,0,0,0,1866,100,0,0,0,0,0,0,64,200000000,41,34
20241211232110,0,0,0,0,1,datasets/covid,,alex,25456,50000000,0.99,0,1,0,0,0,0,0,0,0,0,1866,100,0,0,0,0,0,0,64,200000000,42,34
20241211232208,0,1,0,0,0,datasets/covid,,alex,2588270,50000000,0.99,0,1,0,0,0,0,0,0,0,0,1866,100,0,0,0,0,0,0,64,200000000,42,34
20241211232235,1,0,0,0,0,datasets/covid,,alex,7379890,50000000,0.99,0,1,0,0,0,0,0,0,0,0,1866,100,0,0,0,0,0,0,64,200000000,42,34
20241211232616,0,0,0,0,1,datasets/covid,,alex,15891,100000000,0.99,0,1,0,0,0,0,0,0,0,0,1866,100,0,0,0,0,0,0,64,200000000,41,34
20241211232633,0,1,0,0,0,datasets/covid,,alex,6042543,100000000,0.99,0,1,0,0,0,0,0,0,0,0,1866,100,0,0,0,0,0,0,64,200000000,41,34
20241211232706,1,0,0,0,0,datasets/covid,,alex,6159363,100000000,0.99,0,1,0,0,0,0,0,0,0,0,1866,100,0,0,0,0,0,0,64,200000000,41,34
20241211233058,0,0,0,0,1,datasets/covid,,alex,15888,100000000,0.99,0,1,0,0,0,0,0,0,0,0,1866,100,0,0,0,0,0,0,64,200000000,42,34
20241211233134,0,1,0,0,0,datasets/covid,,alex,2747124,100000000,0.99,0,1,0,0,0,0,0,0,0,0,1866,100,0,0,0,0,0,0,64,200000000,42,34
20241211233203,1,0,0,0,0,datasets/covid,,alex,7004012,100000000,0.99,0,1,0,0,0,0,0,0,0,0,1866,100,0,0,0,0,0,0,64,200000000,42,34
20241211233851,0,0,0,0,1,datasets/fb-1,,alex,17491,200000000,0.99,0,1,0,0,0,0,0,0,0,0,1866,100,0,0,0,0,0,0,64,200000000,10,34
20241211233851,0,1,0,0,0,datasets/fb-1,,alex,1344071,200000000,0.99,0,1,0,0,0,0,0,0,0,0,1866,100,0,0,0,0,0,0,64,200000000,10,34
20241211234032,1,0,0,0,0,datasets/fb-1,,alex,1983398,200000000,0.99,0,1,0,0,0,0,0,0,0,0,1866,100,0,0,0,0,0,0,64,200000000,10,34
20241211234146,0,0,0,0,1,datasets/fb-1,,alex,0,0,0.99,0,1,0,0,0,0,0,0,0,0,1866,100,0,0,0,0,0,0,64,200000000,21,34
20241211234219,0,1,0,0,0,datasets/fb-1,,alex,6037031,0,0.99,0,1,0,0,0,0,0,0,0,0,1866,100,0,0,0,0,0,0,64,200000000,21,34
20241211234419,1,0,0,0,0,datasets/fb-1,,alex,1666910,0,0.99,0,1,0,0,0,0,0,0,0,0,1866,100,0,0,0,0,0,0,64,200000000,21,34
20241211234444,0,0,0,0,1,datasets/fb-1,,alex,0,0,0.99,0,1,0,0,0,0,0,0,0,0,1866,100,0,0,0,0,0,0,64,200000000,22,34
20241211234726,0,1,0,0,0,datasets/fb-1,,alex,1230169,0,0.99,0,1,0,0,0,0,0,0,0,0,1866,100,0,0,0,0,0,0,64,200000000,22,34
20241211234840,1,0,0,0,0,datasets/fb-1,,alex,2716851,0,0.99,0,1,0,0,0,0,0,0,0,0,1866,100,0,0,0,0,0,0,64,200000000,22,34
20241211234928,0,0,0,0,1,datasets/fb-1,,alex,1123056,1000000,0.99,0,1,0,0,0,0,0,0,0,0,1866,100,0,0,0,0,0,0,64,200000000,21,34
20241211235036,0,1,0,0,0,datasets/fb-1,,alex,2925782,1000000,0.99,0,1,0,0,0,0,0,0,0,0,1866,100,0,0,0,0,0,0,64,200000000,21,34
20241211235250,1,0,0,0,0,datasets/fb-1,,alex,1499994,1000000,0.99,0,1,0,0,0,0,0,0,0,0,1866,100,0,0,0,0,0,0,64,200000000,21,34
20241211235316,0,0,0,0,1,datasets/fb-1,,alex,868301,1000000,0.99,0,1,0,0,0,0,0,0,0,0,1866,100,0,0,0,0,0,0,64,200000000,22,34
20241211235612,0,1,0,0,0,datasets/fb-1,,alex,1133685,1000000,0.99,0,1,0,0,0,0,0,0,0,0,1866,100,0,0,0,0,0,0,64,200000000,22,34
20241211235809,1,0,0,0,0,datasets/fb-1,,alex,1699550,1000000,0.99,0,1,0,0,0,0,0,0,0,0,1866,100,0,0,0,0,0,0,64,200000000,22,34
20241211235900,0,0,0,0,1,datasets/fb-1,,alex,578439,2000000,0.99,0,1,0,0,0,0,0,0,0,0,1866,100,0,0,0,0,0,0,64,200000000,21,34
20241212000009,0,1,0,0,0,datasets/fb-1,,alex,2841539,2000000,0.99,0,1,0,0,0,0,0,0,0,0,1866,100,0,0,0,0,0,0,64,200000000,21,34
20241212000223,1,0,0,0,0,datasets/fb-1,,alex,1497011,2000000,0.99,0,1,0,0,0,0,0,0,0,0,1866,100,0,0,0,0,0,0,64,200000000,21,34
20241212000251,0,0,0,0,1,datasets/fb-1,,alex,576773,2000000,0.99,0,1,0,0,0,0,0,0,0,0,1866,100,0,0,0,0,0,0,64,200000000,22,34
20241212000548,0,1,0,0,0,datasets/fb-1,,alex,1120815,2000000,0.99,0,1,0,0,0,0,0,0,0,0,1866,100,0,0,0,0,0,0,64,200000000,22,34
20241212000747,1,0,0,0,0,datasets/fb-1,,alex,1670880,2000000,0.99,0,1,0,0,0,0,0,0,0,0,1866,100,0,0,0,0,0,0,64,200000000,22,34
20241212000841,0,0,0,0,1,datasets/fb-1,,alex,228836,5000000,0.99,0,1,0,0,0,0,0,0,0,0,1866,100,0,0,0,0,0,0,64,200000000,21,34
20241212000942,0,1,0,0,0,datasets/fb-1,,alex,3211706,5000000,0.99,0,1,0,0,0,0,0,0,0,0,1866,100,0,0,0,0,0,0,64,200000000,21,34
20241212001144,1,0,0,0,0,datasets/fb-1,,alex,1629943,5000000,0.99,0,1,0,0,0,0,0,0,0,0,1866,100,0,0,0,0,0,0,64,200000000,21,34
20241212001216,0,0,0,0,1,datasets/fb-1,,alex,237315,5000000,0.99,0,1,0,0,0,0,0,0,0,0,1866,100,0,0,0,0,0,0,64,200000000,22,34
20241212001519,0,1,0,0,0,datasets/fb-1,,alex,1064319,5000000,0.99,0,1,0,0,0,0,0,0,0,0,1866,100,0,0,0,0,0,0,64,200000000,22,34
20241212001721,1,0,0,0,0,datasets/fb-1,,alex,1635711,5000000,0.99,0,1,0,0,0,0,0,0,0,0,1866,100,0,0,0,0,0,0,64,200000000,22,34
20241212001820,0,0,0,0,1,datasets/fb-1,,alex,168915,10000000,0.99,0,1,0,0,0,0,0,0,0,0,1866,100,0,0,0,0,0,0,64,200000000,21,34
20241212001918,0,1,0,0,0,datasets/fb-1,,alex,3300430,10000000,0.99,0,1,0,0,0,0,0,0,0,0,1866,100,0,0,0,0,0,0,64,200000000,21,34
20241212002106,1,0,0,0,0,datasets/fb-1,,alex,1852301,10000000,0.99,0,1,0,0,0,0,0,0,0,0,1866,100,0,0,0,0,0,0,64,200000000,21,34
20241212002145,0,0,0,0,1,datasets/fb-1,,alex,169024,10000000,0.99,0,1,0,0,0,0,0,0,0,0,1866,100,0,0,0,0,0,0,64,200000000,22,34
20241212002435,0,1,0,0,0,datasets/fb-1,,alex,1115280,10000000,0.99,0,1,0,0,0,0,0,0,0,0,1866,100,0,0,0,0,0,0,64,200000000,22,34
20241212002627,1,0,0,0,0,datasets/fb-1,,alex,1788368,10000000,0.99,0,1,0,0,0,0,0,0,0,0,1866,100,0,0,0,0,0,0,64,200000000,22,34
20241212002740,0,0,0,0,1,datasets/fb-1,,alex,85049,20000000,0.99,0,1,0,0,0,0,0,0,0,0,1866,100,0,0,0,0,0,0,64,200000000,21,34
20241212002835,0,1,0,0,0,datasets/fb-1,,alex,3229969,20000000,0.99,0,1,0,0,0,0,0,0,0,0,1866,100,0,0,0,0,0,0,64,200000000,21,34
20241212003030,1,0,0,0,0,datasets/fb-1,,alex,1747457,20000000,0.99,0,1,0,0,0,0,0,0,0,0,1866,100,0,0,0,0,0,0,64,200000000,21,34
20241212003123,0,0,0,0,1,datasets/fb-1,,alex,85038,20000000,0.99,0,1,0,0,0,0,0,0,0,0,1866,100,0,0,0,0,0,0,64,200000000,22,34
20241212003409,0,1,0,0,0,datasets/fb-1,,alex,1082425,20000000,0.99,0,1,0,0,0,0,0,0,0,0,1866,100,0,0,0,0,0,0,64,200000000,22,34
20241212003605,1,0,0,0,0,datasets/fb-1,,alex,1724498,20000000,0.99,0,1,0,0,0,0,0,0,0,0,1866,100,0,0,0,0,0,0,64,200000000,22,34
20241212003815,0,0,0,0,1,datasets/fb-1,,alex,39678,50000000,0.99,0,1,0,0,0,0,0,0,0,0,1866,100,0,0,0,0,0,0,64,200000000,21,34
20241212003856,0,1,0,0,0,datasets/fb-1,,alex,3662193,50000000,0.99,0,1,0,0,0,0,0,0,0,0,1866,100,0,0,0,0,0,0,64,200000000,21,34
20241212004040,1,0,0,0,0,datasets/fb-1,,alex,1924650,50000000,0.99,0,1,0,0,0,0,0,0,0,0,1866,100,0,0,0,0,0,0,64,200000000,21,34
20241212004237,0,0,0,0,1,datasets/fb-1,,alex,39565,50000000,0.99,0,1,0,0,0,0,0,0,0,0,1866,100,0,0,0,0,0,0,64,200000000,22,34
20241212004442,0,1,0,0,0,datasets/fb-1,,alex,1195378,50000000,0.99,0,1,0,0,0,0,0,0,0,0,1866,100,0,0,0,0,0,0,64,200000000,22,34
20241212004629,1,0,0,0,0,datasets/fb-1,,alex,1880407,50000000,0.99,0,1,0,0,0,0,0,0,0,0,1866,100,0,0,0,0,0,0,64,200000000,22,34
20241212004955,0,0,0,0,1,datasets/fb-1,,alex,26318,100000000,0.99,0,1,0,0,0,0,0,0,0,0,1866,100,0,0,0,0,0,0,64,200000000,21,34
20241212005021,0,1,0,0,0,datasets/fb-1,,alex,3872590,100000000,0.99,0,1,0,0,0,0,0,0,0,0,1866,100,0,0,0,0,0,0,64,200000000,21,34
20241212005208,1,0,0,0,0,datasets/fb-1,,alex,1865180,100000000,0.99,0,1,0,0,0,0,0,0,0,0,1866,100,0,0,0,0,0,0,64,200000000,21,34
20241212005530,0,0,0,0,1,datasets/fb-1,,alex,26342,100000000,0.99,0,1,0,0,0,0,0,0,0,0,1866,100,0,0,0,0,0,0,64,200000000,22,34
20241212005659,0,1,0,0,0,datasets/fb-1,,alex,1129551,100000000,0.99,0,1,0,0,0,0,0,0,0,0,1866,100,0,0,0,0,0,0,64,200000000,22,34
20241212005846,1,0,0,0,0,datasets/fb-1,,alex,1864954,100000000,0.99,0,1,0,0,0,0,0,0,0,0,1866,100,0,0,0,0,0,0,64,200000000,22,34
20241212005926,0,0,0,0,1,datasets/fb-1,,alex,1131458,1000000,0.99,0,1,0,0,0,0,0,0,0,0,1866,100,0,0,0,0,0,0,64,200000000,41,34
20241212010024,0,1,0,0,0,datasets/fb-1,,alex,3434206,1000000,0.99,0,1,0,0,0,0,0,0,0,0,1866,100,0,0,0,0,0,0,64,200000000,41,34
20241212010315,1,0,0,0,0,datasets/fb-1,,alex,1167328,1000000,0.99,0,1,0,0,0,0,0,0,0,0,1866,100,0,0,0,0,0,0,64,200000000,41,34
20241212010351,0,0,0,0,1,datasets/fb-1,,alex,1133589,1000000,0.99,0,1,0,0,0,0,0,0,0,0,1866,100,0,0,0,0,0,0,64,200000000,42,34
20241212010728,0,1,0,0,0,datasets/fb-1,,alex,916720,1000000,0.99,0,1,0,0,0,0,0,0,0,0,1866,100,0,0,0,0,0,0,64,200000000,42,34
20241212011004,1,0,0,0,0,datasets/fb-1,,alex,1276647,1000000,0.99,0,1,0,0,0,0,0,0,0,0,1866,100,0,0,0,0,0,0,64,200000000,42,34
20241212011033,0,0,0,0,1,datasets/fb-1,,alex,582819,2000000,0.99,0,1,0,0,0,0,0,0,0,0,1866,100,0,0,0,0,0,0,64,200000000,41,34
20241212011131,0,1,0,0,0,datasets/fb-1,,alex,3439322,2000000,0.99,0,1,0,0,0,0,0,0,0,0,1866,100,0,0,0,0,0,0,64,200000000,41,34
20241212011422,1,0,0,0,0,datasets/fb-1,,alex,1169990,2000000,0.99,0,1,0,0,0,0,0,0,0,0,1866,100,0,0,0,0,0,0,64,200000000,41,34
20241212011459,0,0,0,0,1,datasets/fb-1,,alex,580825,2000000,0.99,0,1,0,0,0,0,0,0,0,0,1866,100,0,0,0,0,0,0,64,200000000,42,34
20241212011835,0,1,0,0,0,datasets/fb-1,,alex,918689,2000000,0.99,0,1,0,0,0,0,0,0,0,0,1866,100,0,0,0,0,0,0,64,200000000,42,34
20241212012112,1,0,0,0,0,datasets/fb-1,,alex,1276539,2000000,0.99,0,1,0,0,0,0,0,0,0,0,1866,100,0,0,0,0,0,0,64,200000000,42,34
20241212012144,0,0,0,0,1,datasets/fb-1,,alex,236408,5000000,0.99,0,1,0,0,0,0,0,0,0,0,1866,100,0,0,0,0,0,0,64,200000000,41,34
20241212012224,0,1,0,0,0,datasets/fb-1,,alex,4811251,5000000,0.99,0,1,0,0,0,0,0,0,0,0,1866,100,0,0,0,0,0,0,64,200000000,41,34
20241212012427,1,0,0,0,0,datasets/fb-1,,alex,1631217,5000000,0.99,0,1,0,0,0,0,0,0,0,0,1866,100,0,0,0,0,0,0,64,200000000,41,34
20241212012507,0,0,0,0,1,datasets/fb-1,,alex,235975,5000000,0.99,0,1,0,0,0,0,0,0,0,0,1866,100,0,0,0,0,0,0,64,200000000,42,34
20241212012804,0,1,0,0,0,datasets/fb-1,,alex,1103651,5000000,0.99,0,1,0,0,0,0,0,0,0,0,1866,100,0,0,0,0,0,0,64,200000000,42,34
20241212012955,1,0,0,0,0,datasets/fb-1,,alex,1805510,5000000,0.99,0,1,0,0,0,0,0,0,0,0,1866,100,0,0,0,0,0,0,64,200000000,42,34
20241212013035,0,0,0,0,1,datasets/fb-1,,alex,119509,10000000,0.99,0,1,0,0,0,0,0,0,0,0,1866,100,0,0,0,0,0,0,64,200000000,41,34
20241212013113,0,1,0,0,0,datasets/fb-1,,alex,4950201,10000000,0.99,0,1,0,0,0,0,0,0,0,0,1866,100,0,0,0,0,0,0,64,200000000,41,34
20241212013302,1,0,0,0,0,datasets/fb-1,,alex,1826797,10000000,0.99,0,1,0,0,0,0,0,0,0,0,1866,100,0,0,0,0,0,0,64,200000000,41,34
20241212013351,0,0,0,0,1,datasets/fb-1,,alex,119438,10000000,0.99,0,1,0,0,0,0,0,0,0,0,1866,100,0,0,0,0,0,0,64,200000000,42,34
20241212013632,0,1,0,0,0,datasets/fb-1,,alex,1177033,10000000,0.99,0,1,0,0,0,0,0,0,0,0,1866,100,0,0,0,0,0,0,64,200000000,42,34
20241212013810,1,0,0,0,0,datasets/fb-1,,alex,2045122,10000000,0.99,0,1,0,0,0,0,0,0,0,0,1866,100,0,0,0,0,0,0,64,200000000,42,34
20241212013905,0,0,0,0,1,datasets/fb-1,,alex,60197,20000000,0.99,0,1,0,0,0,0,0,0,0,0,1866,100,0,0,0,0,0,0,64,200000000,41,34
20241212013943,0,1,0,0,0,datasets/fb-1,,alex,4790827,20000000,0.99,0,1,0,0,0,0,0,0,0,0,1866,100,0,0,0,0,0,0,64,200000000,41,34
20241212014136,1,0,0,0,0,datasets/fb-1,,alex,1769073,20000000,0.99,0,1,0,0,0,0,0,0,0,0,1866,100,0,0,0,0,0,0,64,200000000,41,34
20241212014240,0,0,0,0,1,datasets/fb-1,,alex,60138,20000000,0.99,0,1,0,0,0,0,0,0,0,0,1866,100,0,0,0,0,0,0,64,200000000,42,34
20241212014511,0,1,0,0,0,datasets/fb-1,,alex,1191111,20000000,0.99,0,1,0,0,0,0,0,0,0,0,1866,100,0,0,0,0,0,0,64,200000000,42,34
20241212014653,1,0,0,0,0,datasets/fb-1,,alex,1952587,20000000,0.99,0,1,0,0,0,0,0,0,0,0,1866,100,0,0,0,0,0,0,64,200000000,42,34
20241212014854,0,0,0,0,1,datasets/fb-1,,alex,23963,50000000,0.99,0,1,0,0,0,0,0,0,0,0,1866,100,0,0,0,0,0,0,64,200000000,41,34
20241212014923,0,1,0,0,0,datasets/fb-1,,alex,5087862,50000000,0.99,0,1,0,0,0,0,0,0,0,0,1866,100,0,0,0,0,0,0,64,200000000,41,34
20241212015114,1,0,0,0,0,datasets/fb-1,,alex,1815746,50000000,0.99,0,1,0,0,0,0,0,0,0,0,1866,100,0,0,0,0,0,0,64,200000000,41,34
20241212015325,0,0,0,0,1,datasets/fb-1,,alex,23986,50000000,0.99,0,1,0,0,0,0,0,0,0,0,1866,100,0,0,0,0,0,0,64,200000000,42,34
20241212015527,0,1,0,0,0,datasets/fb-1,,alex,1227454,50000000,0.99,0,1,0,0,0,0,0,0,0,0,1866,100,0,0,0,0,0,0,64,200000000,42,34
20241212015709,1,0,0,0,0,datasets/fb-1,,alex,1959283,50000000,0.99,0,1,0,0,0,0,0,0,0,0,1866,100,0,0,0,0,0,0,64,200000000,42,34
20241212020120,0,0,0,0,1,datasets/fb-1,,alex,11958,100000000,0.99,0,1,0,0,0,0,0,0,0,0,1866,100,0,0,0,0,0,0,64,200000000,41,34
20241212020141,0,1,0,0,0,datasets/fb-1,,alex,4806344,100000000,0.99,0,1,0,0,0,0,0,0,0,0,1866,100,0,0,0,0,0,0,64,200000000,41,34
20241212020337,1,0,0,0,0,datasets/fb-1,,alex,1724127,100000000,0.99,0,1,0,0,0,0,0,0,0,0,1866,100,0,0,0,0,0,0,64,200000000,41,34
20241212020758,0,0,0,0,1,datasets/fb-1,,alex,11957,100000000,0.99,0,1,0,0,0,0,0,0,0,0,1866,100,0,0,0,0,0,0,64,200000000,42,34
20241212020917,0,1,0,0,0,datasets/fb-1,,alex,1257370,100000000,0.99,0,1,0,0,0,0,0,0,0,0,1866,100,0,0,0,0,0,0,64,200000000,42,34
20241212021109,1,0,0,0,0,datasets/fb-1,,alex,1797674,100000000,0.99,0,1,0,0,0,0,0,0,0,0,1866,100,0,0,0,0,0,0,64,200000000,42,34
20241212021532,0,0,0,0,1,datasets/osm,,alex,931333,200000000,0.99,0,1,0,0,0,0,0,0,0,0,1866,100,0,0,0,0,0,0,64,200000000,10,34
20241212021532,0,1,0,0,0,datasets/osm,,alex,2329333,200000000,0.99,0,1,0,0,0,0,0,0,0,0,1866,100,0,0,0,0,0,0,64,200000000,10,34
20241212021643,1,0,0,0,0,datasets/osm,,alex,2817689,200000000,0.99,0,1,0,0,0,0,0,0,0,0,1866,100,0,0,0,0,0,0,64,200000000,10,34
20241212021800,0,0,0,0,1,datasets/osm,,alex,0,0,0.99,0,1,0,0,0,0,0,0,0,0,1866,100,0,0,0,0,0,0,64,200000000,21,34
20241212021833,0,1,0,0,0,datasets/osm,,alex,6038914,0,0.99,0,1,0,0,0,0,0,0,0,0,1866,100,0,0,0,0,0,0,64,200000000,21,34
20241212022015,1,0,0,0,0,datasets/osm,,alex,1972272,0,0.99,0,1,0,0,0,0,0,0,0,0,1866,100,0,0,0,0,0,0,64,200000000,21,34
20241212022039,0,0,0,0,1,datasets/osm,,alex,0,0,0.99,0,1,0,0,0,0,0,0,0,0,1866,100,0,0,0,0,0,0,64,200000000,22,34
20241212022309,0,1,0,0,0,datasets/osm,,alex,1336533,0,0.99,0,1,0,0,0,0,0,0,0,0,1866,100,0,0,0,0,0,0,64,200000000,22,34
20241212022421,1,0,0,0,0,datasets/osm,,alex,2770492,0,0.99,0,1,0,0,0,0,0,0,0,0,1866,100,0,0,0,0,0,0,64,200000000,22,34
20241212022508,0,0,0,0,1,datasets/osm,,alex,6046468,1000000,0.99,0,1,0,0,0,0,0,0,0,0,1866,100,0,0,0,0,0,0,64,200000000,21,34
20241212022553,0,1,0,0,0,datasets/osm,,alex,4442316,1000000,0.99,0,1,0,0,0,0,0,0,0,0,1866,100,0,0,0,0,0,0,64,200000000,21,34
20241212022711,1,0,0,0,0,datasets/osm,,alex,2581141,1000000,0.99,0,1,0,0,0,0,0,0,0,0,1866,100,0,0,0,0,0,0,64,200000000,21,34
20241212022736,0,0,0,0,1,datasets/osm,,alex,6274576,1000000,0.99,0,1,0,0,0,0,0,0,0,0,1866,100,0,0,0,0,0,0,64,200000000,22,34
20241212022959,0,1,0,0,0,datasets/osm,,alex,1396253,1000000,0.99,0,1,0,0,0,0,0,0,0,0,1866,100,0,0,0,0,0,0,64,200000000,22,34
20241212023110,1,0,0,0,0,datasets/osm,,alex,2808936,1000000,0.99,0,1,0,0,0,0,0,0,0,0,1866,100,0,0,0,0,0,0,64,200000000,22,34
20241212023159,0,0,0,0,1,datasets/osm,,alex,7861724,2000000,0.99,0,1,0,0,0,0,0,0,0,0,1866,100,0,0,0,0,0,0,64,200000000,21,34
20241212023245,0,1,0,0,0,datasets/osm,,alex,4254697,2000000,0.99,0,1,0,0,0,0,0,0,0,0,1866,100,0,0,0,0,0,0,64,200000000,21,34
20241212023402,1,0,0,0,0,datasets/osm,,alex,2601212,2000000,0.99,0,1,0,0,0,0,0,0,0,0,1866,100,0,0,0,0,0,0,64,200000000,21,34
20241212023429,0,0,0,0,1,datasets/osm,,alex,7781889,2000000,0.99,0,1,0,0,0,0,0,0,0,0,1866,100,0,0,0,0,0,0,64,200000000,22,34
20241212023652,0,1,0,0,0,datasets/osm,,alex,1386578,2000000,0.99,0,1,0,0,0,0,0,0,0,0,1866,100,0,0,0,0,0,0,64,200000000,22,34
20241212023803,1,0,0,0,0,datasets/osm,,alex,2790685,2000000,0.99,0,1,0,0,0,0,0,0,0,0,1866,100,0,0,0,0,0,0,64,200000000,22,34
20241212023855,0,0,0,0,1,datasets/osm,,alex,7174692,5000000,0.99,0,1,0,0,0,0,0,0,0,0,1866,100,0,0,0,0,0,0,64,200000000,21,34
20241212023943,0,1,0,0,0,datasets/osm,,alex,4113069,5000000,0.99,0,1,0,0,0,0,0,0,0,0,1866,100,0,0,0,0,0,0,64,200000000,21,34
20241212024100,1,0,0,0,0,datasets/osm,,alex,2588048,5000000,0.99,0,1,0,0,0,0,0,0,0,0,1866,100,0,0,0,0,0,0,64,200000000,21,34
20241212024130,0,0,0,0,1,datasets/osm,,alex,7171915,5000000,0.99,0,1,0,0,0,0,0,0,0,0,1866,100,0,0,0,0,0,0,64,200000000,22,34
20241212024350,0,1,0,0,0,datasets/osm,,alex,1398453,5000000,0.99,0,1,0,0,0,0,0,0,0,0,1866,100,0,0,0,0,0,0,64,200000000,22,34
20241212024501,1,0,0,0,0,datasets/osm,,alex,2811205,5000000,0.99,0,1,0,0,0,0,0,0,0,0,1866,100,0,0,0,0,0,0,64,200000000,22,34
20241212024558,0,0,0,0,1,datasets/osm,,alex,6811844,10000000,0.99,0,1,0,0,0,0,0,0,0,0,1866,100,0,0,0,0,0,0,64,200000000,21,34
20241212024645,0,1,0,0,0,datasets/osm,,alex,4047202,10000000,0.99,0,1,0,0,0,0,0,0,0,0,1866,100,0,0,0,0,0,0,64,200000000,21,34
20241212024803,1,0,0,0,0,datasets/osm,,alex,2570254,10000000,0.99,0,1,0,0,0,0,0,0,0,0,1866,100,0,0,0,0,0,0,64,200000000,21,34
20241212024840,0,0,0,0,1,datasets/osm,,alex,6772174,10000000,0.99,0,1,0,0,0,0,0,0,0,0,1866,100,0,0,0,0,0,0,64,200000000,22,34
20241212025056,0,1,0,0,0,datasets/osm,,alex,1390083,10000000,0.99,0,1,0,0,0,0,0,0,0,0,1866,100,0,0,0,0,0,0,64,200000000,22,34
20241212025209,1,0,0,0,0,datasets/osm,,alex,2754429,10000000,0.99,0,1,0,0,0,0,0,0,0,0,1866,100,0,0,0,0,0,0,64,200000000,22,34
20241212025318,0,0,0,0,1,datasets/osm,,alex,5149208,20000000,0.99,0,1,0,0,0,0,0,0,0,0,1866,100,0,0,0,0,0,0,64,200000000,21,34
20241212025403,0,1,0,0,0,datasets/osm,,alex,4015751,20000000,0.99,0,1,0,0,0,0,0,0,0,0,1866,100,0,0,0,0,0,0,64,200000000,21,34
20241212025521,1,0,0,0,0,datasets/osm,,alex,2542031,20000000,0.99,0,1,0,0,0,0,0,0,0,0,1866,100,0,0,0,0,0,0,64,200000000,21,34
20241212025611,0,0,0,0,1,datasets/osm,,alex,5094838,20000000,0.99,0,1,0,0,0,0,0,0,0,0,1866,100,0,0,0,0,0,0,64,200000000,22,34
20241212025822,0,1,0,0,0,datasets/osm,,alex,1378378,20000000,0.99,0,1,0,0,0,0,0,0,0,0,1866,100,0,0,0,0,0,0,64,200000000,22,34
20241212025935,1,0,0,0,0,datasets/osm,,alex,2711619,20000000,0.99,0,1,0,0,0,0,0,0,0,0,1866,100,0,0,0,0,0,0,64,200000000,22,34
20241212030123,0,0,0,0,1,datasets/osm,,alex,2896948,50000000,0.99,0,1,0,0,0,0,0,0,0,0,1866,100,0,0,0,0,0,0,64,200000000,21,34
20241212030159,0,1,0,0,0,datasets/osm,,alex,4084611,50000000,0.99,0,1,0,0,0,0,0,0,0,0,1866,100,0,0,0,0,0,0,64,200000000,21,34
20241212030319,1,0,0,0,0,datasets/osm,,alex,2526232,50000000,0.99,0,1,0,0,0,0,0,0,0,0,1866,100,0,0,0,0,0,0,64,200000000,21,34
20241212030454,0,0,0,0,1,datasets/osm,,alex,2897771,50000000,0.99,0,1,0,0,0,0,0,0,0,0,1866,100,0,0,0,0,0,0,64,200000000,22,34
20241212030644,0,1,0,0,0,datasets/osm,,alex,1367733,50000000,0.99,0,1,0,0,0,0,0,0,0,0,1866,100,0,0,0,0,0,0,64,200000000,22,34
20241212030756,1,0,0,0,0,datasets/osm,,alex,2774851,50000000,0.99,0,1,0,0,0,0,0,0,0,0,1866,100,0,0,0,0,0,0,64,200000000,22,34
20241212031037,0,0,0,0,1,datasets/osm,,alex,1709063,100000000,0.99,0,1,0,0,0,0,0,0,0,0,1866,100,0,0,0,0,0,0,64,200000000,21,34
20241212031100,0,1,0,0,0,datasets/osm,,alex,4336140,100000000,0.99,0,1,0,0,0,0,0,0,0,0,1866,100,0,0,0,0,0,0,64,200000000,21,34
20241212031217,1,0,0,0,0,datasets/osm,,alex,2575079,100000000,0.99,0,1,0,0,0,0,0,0,0,0,1866,100,0,0,0,0,0,0,64,200000000,21,34
20241212031453,0,0,0,0,1,datasets/osm,,alex,1707305,100000000,0.99,0,1,0,0,0,0,0,0,0,0,1866,100,0,0,0,0,0,0,64,200000000,22,34
20241212031605,0,1,0,0,0,datasets/osm,,alex,1391653,100000000,0.99,0,1,0,0,0,0,0,0,0,0,1866,100,0,0,0,0,0,0,64,200000000,22,34
20241212031716,1,0,0,0,0,datasets/osm,,alex,2805573,100000000,0.99,0,1,0,0,0,0,0,0,0,0,1866,100,0,0,0,0,0,0,64,200000000,22,34
20241212031756,0,0,0,0,1,datasets/osm,,alex,1098795,1000000,0.99,0,1,0,0,0,0,0,0,0,0,1866,100,0,0,0,0,0,0,64,200000000,41,34
20241212031829,0,1,0,0,0,datasets/osm,,alex,6057022,1000000,0.99,0,1,0,0,0,0,0,0,0,0,1866,100,0,0,0,0,0,0,64,200000000,41,34
20241212031958,1,0,0,0,0,datasets/osm,,alex,2258311,1000000,0.99,0,1,0,0,0,0,0,0,0,0,1866,100,0,0,0,0,0,0,64,200000000,41,34
20241212032034,0,0,0,0,1,datasets/osm,,alex,1101561,1000000,0.99,0,1,0,0,0,0,0,0,0,0,1866,100,0,0,0,0,0,0,64,200000000,42,34
20241212032301,0,1,0,0,0,datasets/osm,,alex,1348680,1000000,0.99,0,1,0,0,0,0,0,0,0,0,1866,100,0,0,0,0,0,0,64,200000000,42,34
20241212032412,1,0,0,0,0,datasets/osm,,alex,2839890,1000000,0.99,0,1,0,0,0,0,0,0,0,0,1866,100,0,0,0,0,0,0,64,200000000,42,34
20241212032439,0,0,0,0,1,datasets/osm,,alex,573950,2000000,0.99,0,1,0,0,0,0,0,0,0,0,1866,100,0,0,0,0,0,0,64,200000000,41,34
20241212032512,0,1,0,0,0,datasets/osm,,alex,6048817,2000000,0.99,0,1,0,0,0,0,0,0,0,0,1866,100,0,0,0,0,0,0,64,200000000,41,34
20241212032642,1,0,0,0,0,datasets/osm,,alex,2221533,2000000,0.99,0,1,0,0,0,0,0,0,0,0,1866,100,0,0,0,0,0,0,64,200000000,41,34
20241212032717,0,0,0,0,1,datasets/osm,,alex,578161,2000000,0.99,0,1,0,0,0,0,0,0,0,0,1866,100,0,0,0,0,0,0,64,200000000,42,34
20241212032944,0,1,0,0,0,datasets/osm,,alex,1348933,2000000,0.99,0,1,0,0,0,0,0,0,0,0,1866,100,0,0,0,0,0,0,64,200000000,42,34
20241212033054,1,0,0,0,0,datasets/osm,,alex,2850960,2000000,0.99,0,1,0,0,0,0,0,0,0,0,1866,100,0,0,0,0,0,0,64,200000000,42,34
20241212033124,0,0,0,0,1,datasets/osm,,alex,238322,5000000,0.99,0,1,0,0,0,0,0,0,0,0,1866,100,0,0,0,0,0,0,64,200000000,41,34
20241212033156,0,1,0,0,0,datasets/osm,,alex,6053378,5000000,0.99,0,1,0,0,0,0,0,0,0,0,1866,100,0,0,0,0,0,0,64,200000000,41,34
20241212033325,1,0,0,0,0,datasets/osm,,alex,2264246,5000000,0.99,0,1,0,0,0,0,0,0,0,0,1866,100,0,0,0,0,0,0,64,200000000,41,34
20241212033403,0,0,0,0,1,datasets/osm,,alex,238273,5000000,0.99,0,1,0,0,0,0,0,0,0,0,1866,100,0,0,0,0,0,0,64,200000000,42,34
20241212033628,0,1,0,0,0,datasets/osm,,alex,1348057,5000000,0.99,0,1,0,0,0,0,0,0,0,0,1866,100,0,0,0,0,0,0,64,200000000,42,34
20241212033739,1,0,0,0,0,datasets/osm,,alex,2835573,5000000,0.99,0,1,0,0,0,0,0,0,0,0,1866,100,0,0,0,0,0,0,64,200000000,42,34
20241212033815,0,0,0,0,1,datasets/osm,,alex,120471,10000000,0.99,0,1,0,0,0,0,0,0,0,0,1866,100,0,0,0,0,0,0,64,200000000,41,34
20241212033847,0,1,0,0,0,datasets/osm,,alex,6053711,10000000,0.99,0,1,0,0,0,0,0,0,0,0,1866,100,0,0,0,0,0,0,64,200000000,41,34
20241212034015,1,0,0,0,0,datasets/osm,,alex,2272536,10000000,0.99,0,1,0,0,0,0,0,0,0,0,1866,100,0,0,0,0,0,0,64,200000000,41,34
20241212034100,0,0,0,0,1,datasets/osm,,alex,120736,10000000,0.99,0,1,0,0,0,0,0,0,0,0,1866,100,0,0,0,0,0,0,64,200000000,42,34
20241212034321,0,1,0,0,0,datasets/osm,,alex,1347382,10000000,0.99,0,1,0,0,0,0,0,0,0,0,1866,100,0,0,0,0,0,0,64,200000000,42,34
20241212034431,1,0,0,0,0,datasets/osm,,alex,2832648,10000000,0.99,0,1,0,0,0,0,0,0,0,0,1866,100,0,0,0,0,0,0,64,200000000,42,34
20241212034521,0,0,0,0,1,datasets/osm,,alex,60806,20000000,0.99,0,1,0,0,0,0,0,0,0,0,1866,100,0,0,0,0,0,0,64,200000000,41,34
20241212034551,0,1,0,0,0,datasets/osm,,alex,6086738,20000000,0.99,0,1,0,0,0,0,0,0,0,0,1866,100,0,0,0,0,0,0,64,200000000,41,34
20241212034718,1,0,0,0,0,datasets/osm,,alex,2289180,20000000,0.99,0,1,0,0,0,0,0,0,0,0,1866,100,0,0,0,0,0,0,64,200000000,41,34
20241212034818,0,0,0,0,1,datasets/osm,,alex,60015,20000000,0.99,0,1,0,0,0,0,0,0,0,0,1866,100,0,0,0,0,0,0,64,200000000,42,34
20241212035030,0,1,0,0,0,datasets/osm,,alex,1358861,20000000,0.99,0,1,0,0,0,0,0,0,0,0,1866,100,0,0,0,0,0,0,64,200000000,42,34
20241212035141,1,0,0,0,0,datasets/osm,,alex,2810851,20000000,0.99,0,1,0,0,0,0,0,0,0,0,1866,100,0,0,0,0,0,0,64,200000000,42,34
20241212035324,0,0,0,0,1,datasets/osm,,alex,29989,50000000,0.99,0,1,0,0,0,0,0,0,0,0,1866,100,0,0,0,0,0,0,64,200000000,41,34
20241212035349,0,1,0,0,0,datasets/osm,,alex,6124396,50000000,0.99,0,1,0,0,0,0,0,0,0,0,1866,100,0,0,0,0,0,0,64,200000000,41,34
20241212035517,1,0,0,0,0,datasets/osm,,alex,2250305,50000000,0.99,0,1,0,0,0,0,0,0,0,0,1866,100,0,0,0,0,0,0,64,200000000,41,34
20241212035711,0,0,0,0,1,datasets/osm,,alex,30018,50000000,0.99,0,1,0,0,0,0,0,0,0,0,1866,100,0,0,0,0,0,0,64,200000000,42,34
20241212035858,0,1,0,0,0,datasets/osm,,alex,1396802,50000000,0.99,0,1,0,0,0,0,0,0,0,0,1866,100,0,0,0,0,0,0,64,200000000,42,34
20241212040008,1,0,0,0,0,datasets/osm,,alex,2849767,50000000,0.99,0,1,0,0,0,0,0,0,0,0,1866,100,0,0,0,0,0,0,64,200000000,42,34
20241212040336,0,0,0,0,1,datasets/osm,,alex,14935,100000000,0.99,0,1,0,0,0,0,0,0,0,0,1866,100,0,0,0,0,0,0,64,200000000,41,34
20241212040352,0,1,0,0,0,datasets/osm,,alex,6173574,100000000,0.99,0,1,0,0,0,0,0,0,0,0,1866,100,0,0,0,0,0,0,64,200000000,41,34
20241212040513,1,0,0,0,0,datasets/osm,,alex,2458528,100000000,0.99,0,1,0,0,0,0,0,0,0,0,1866,100,0,0,0,0,0,0,64,200000000,41,34
20241212040851,0,0,0,0,1,datasets/osm,,alex,14917,100000000,0.99,0,1,0,0,0,0,0,0,0,0,1866,100,0,0,0,0,0,0,64,200000000,42,34
20241212040958,0,1,0,0,0,datasets/osm,,alex,1500486,100000000,0.99,0,1,0,0,0,0,0,0,0,0,1866,100,0,0,0,0,0,0,64,200000000,42,34
20241212041108,1,0,0,0,0,datasets/osm,,alex,2845354,100000000,0.99,0,1,0,0,0,0,0,0,0,0,1866,100,0,0,0,0,0,0,64,200000000,42,34
20241212041245,0,0,0,0,1,datasets/linear,,lipp,0,200000000,0.99,0,1,0,0,0,0,0,0,0,0,1866,100,0,0,0,0,0,0,64,200000000,10,34
20241212041245,0,1,0,0,0,datasets/linear,,lipp,41871273,200000000,0.99,0,1,0,0,0,0,0,0,0,0,1866,100,0,0,0,0,0,0,64,200000000,10,34
20241212041259,1,0,0,0,0,datasets/linear,,lipp,14770052,200000000,0.99,0,1,0,0,0,0,0,0,0,0,1866,100,0,0,0,0,0,0,64,200000000,10,34
20241212041353,0,0,0,0,1,datasets/linear,,lipp,0,0,0.99,0,1,0,0,0,0,0,0,0,0,1866,100,0,0,0,0,0,0,64,200000000,21,34
20241212043150,0,1,0,0,0,datasets/linear,,lipp,185679,0,0.99,0,1,0,0,0,0,0,0,0,0,1866,100,0,0,0,0,0,0,64,200000000,21,34
20241212044330,0,0,0,0,1,datasets/linear,,lipp,0,0,0.99,0,1,0,0,0,0,0,0,0,0,1866,100,0,0,0,0,0,0,64,200000000,22,34
20241212044602,0,1,0,0,0,datasets/linear,,lipp,1317584,0,0.99,0,1,0,0,0,0,0,0,0,0,1866,100,0,0,0,0,0,0,64,200000000,22,34
20241212044635,1,0,0,0,0,datasets/linear,,lipp,6093559,0,0.99,0,1,0,0,0,0,0,0,0,0,1866,100,0,0,0,0,0,0,64,200000000,22,34
20241212044725,0,0,0,0,1,datasets/linear,,lipp,8046555,1000000,0.99,0,1,0,0,0,0,0,0,0,0,1866,100,0,0,0,0,0,0,64,200000000,21,34
20241212044806,0,1,0,0,0,datasets/linear,,lipp,4797567,1000000,0.99,0,1,0,0,0,0,0,0,0,0,1866,100,0,0,0,0,0,0,64,200000000,21,34
20241212045008,1,0,0,0,0,datasets/linear,,lipp,1644942,1000000,0.99,0,1,0,0,0,0,0,0,0,0,1866,100,0,0,0,0,0,0,64,200000000,21,34
20241212045036,0,0,0,0,1,datasets/linear,,lipp,8036948,1000000,0.99,0,1,0,0,0,0,0,0,0,0,1866,100,0,0,0,0,0,0,64,200000000,22,34
20241212045307,0,1,0,0,0,datasets/linear,,lipp,1317652,1000000,0.99,0,1,0,0,0,0,0,0,0,0,1866,100,0,0,0,0,0,0,64,200000000,22,34
20241212045340,1,0,0,0,0,datasets/linear,,lipp,6071065,1000000,0.99,0,1,0,0,0,0,0,0,0,0,1866,100,0,0,0,0,0,0,64,200000000,22,34
20241212045430,0,0,0,0,1,datasets/linear,,lipp,7688270,2000000,0.99,0,1,0,0,0,0,0,0,0,0,1866,100,0,0,0,0,0,0,64,200000000,21,34
20241212045508,0,1,0,0,0,datasets/linear,,lipp,5216033,2000000,0.99,0,1,0,0,0,0,0,0,0,0,1866,100,0,0,0,0,0,0,64,200000000,21,34
20241212045852,1,0,0,0,0,datasets/linear,,lipp,891914,2000000,0.99,0,1,0,0,0,0,0,0,0,0,1866,100,0,0,0,0,0,0,64,200000000,21,34
20241212045921,0,0,0,0,1,datasets/linear,,lipp,7677565,2000000,0.99,0,1,0,0,0,0,0,0,0,0,1866,100,0,0,0,0,0,0,64,200000000,22,34
20241212050148,0,1,0,0,0,datasets/linear,,lipp,1344954,2000000,0.99,0,1,0,0,0,0,0,0,0,0,1866,100,0,0,0,0,0,0,64,200000000,22,34
20241212050329,1,0,0,0,0,datasets/linear,,lipp,1977732,2000000,0.99,0,1,0,0,0,0,0,0,0,0,1866,100,0,0,0,0,0,0,64,200000000,22,34
20241212050421,0,0,0,0,1,datasets/linear,,lipp,7468941,5000000,0.99,0,1,0,0,0,0,0,0,0,0,1866,100,0,0,0,0,0,0,64,200000000,21,34
20241212050446,0,1,0,0,0,datasets/linear,,lipp,7825489,5000000,0.99,0,1,0,0,0,0,0,0,0,0,1866,100,0,0,0,0,0,0,64,200000000,21,34
20241212050718,1,0,0,0,0,datasets/linear,,lipp,1313935,5000000,0.99,0,1,0,0,0,0,0,0,0,0,1866,100,0,0,0,0,0,0,64,200000000,21,34
20241212050749,0,0,0,0,1,datasets/linear,,lipp,7448915,5000000,0.99,0,1,0,0,0,0,0,0,0,0,1866,100,0,0,0,0,0,0,64,200000000,22,34
20241212050945,0,1,0,0,0,datasets/linear,,lipp,1673818,5000000,0.99,0,1,0,0,0,0,0,0,0,0,1866,100,0,0,0,0,0,0,64,200000000,22,34
20241212051107,1,0,0,0,0,datasets/linear,,lipp,2448243,5000000,0.99,0,1,0,0,0,0,0,0,0,0,1866,100,0,0,0,0,0,0,64,200000000,22,34
20241212051201,0,0,0,0,1,datasets/linear,,lipp,7433335,10000000,0.99,0,1,0,0,0,0,0,0,0,0,1866,100,0,0,0,0,0,0,64,200000000,21,34
20241212051222,0,1,0,0,0,datasets/linear,,lipp,9172953,10000000,0.99,0,1,0,0,0,0,0,0,0,0,1866,100,0,0,0,0,0,0,64,200000000,21,34
20241212051347,1,0,0,0,0,datasets/linear,,lipp,2345529,10000000,0.99,0,1,0,0,0,0,0,0,0,0,1866,100,0,0,0,0,0,0,64,200000000,21,34
20241212051421,0,0,0,0,1,datasets/linear,,lipp,7560307,10000000,0.99,0,1,0,0,0,0,0,0,0,0,1866,100,0,0,0,0,0,0,64,200000000,22,34
20241212051557,0,1,0,0,0,datasets/linear,,lipp,1992010,10000000,0.99,0,1,0,0,0,0,0,0,0,0,1866,100,0,0,0,0,0,0,64,200000000,22,34
20241212051703,1,0,0,0,0,datasets/linear,,lipp,3034718,10000000,0.99,0,1,0,0,0,0,0,0,0,0,1866,100,0,0,0,0,0,0,64,200000000,22,34
20241212051802,0,0,0,0,1,datasets/linear,,lipp,7781856,20000000,0.99,0,1,0,0,0,0,0,0,0,0,1866,100,0,0,0,0,0,0,64,200000000,21,34
20241212051817,0,1,0,0,0,datasets/linear,,lipp,12228615,20000000,0.99,0,1,0,0,0,0,0,0,0,0,1866,100,0,0,0,0,0,0,64,200000000,21,34
20241212051905,1,0,0,0,0,datasets/linear,,lipp,4163754,20000000,0.99,0,1,0,0,0,0,0,0,0,0,1866,100,0,0,0,0,0,0,64,200000000,21,34
20241212051945,0,0,0,0,1,datasets/linear,,lipp,7809157,20000000,0.99,0,1,0,0,0,0,0,0,0,0,1866,100,0,0,0,0,0,0,64,200000000,22,34
20241212052056,0,1,0,0,0,datasets/linear,,lipp,2558776,20000000,0.99,0,1,0,0,0,0,0,0,0,0,1866,100,0,0,0,0,0,0,64,200000000,22,34
20241212052141,1,0,0,0,0,datasets/linear,,lipp,4437529,20000000,0.99,0,1,0,0,0,0,0,0,0,0,1866,100,0,0,0,0,0,0,64,200000000,22,34
20241212052256,0,0,0,0,1,datasets/linear,,lipp,9504973,50000000,0.99,0,1,0,0,0,0,0,0,0,0,1866,100,0,0,0,0,0,0,64,200000000,21,34
20241212052313,0,1,0,0,0,datasets/linear,,lipp,8721649,50000000,0.99,0,1,0,0,0,0,0,0,0,0,1866,100,0,0,0,0,0,0,64,200000000,21,34
20241212052350,1,0,0,0,0,datasets/linear,,lipp,5481660,50000000,0.99,0,1,0,0,0,0,0,0,0,0,1866,100,0,0,0,0,0,0,64,200000000,21,34
20241212052451,0,0,0,0,1,datasets/linear,,lipp,9502681,50000000,0.99,0,1,0,0,0,0,0,0,0,0,1866,100,0,0,0,0,0,0,64,200000000,22,34
20241212052525,0,1,0,0,0,datasets/linear,,lipp,4376967,50000000,0.99,0,1,0,0,0,0,0,0,0,0,1866,100,0,0,0,0,0,0,64,200000000,22,34
20241212052601,1,0,0,0,0,datasets/linear,,lipp,5516374,50000000,0.99,0,1,0,0,0,0,0,0,0,0,1866,100,0,0,0,0,0,0,64,200000000,22,34
20241212052728,0,0,0,0,1,datasets/linear,,lipp,85238055,100000000,0.99,0,1,0,0,0,0,0,0,0,0,1866,100,0,0,0,0,0,0,64,200000000,21,34
20241212052729,0,1,0,0,0,datasets/linear,,lipp,83664811,100000000,0.99,0,1,0,0,0,0,0,0,0,0,1866,100,0,0,0,0,0,0,64,200000000,21,34
20241212052740,1,0,0,0,0,datasets/linear,,lipp,17999168,100000000,0.99,0,1,0,0,0,0,0,0,0,0,1866,100,0,0,0,0,0,0,64,200000000,21,34
20241212052856,0,0,0,0,1,datasets/linear,,lipp,84960682,100000000,0.99,0,1,0,0,0,0,0,0,0,0,1866,100,0,0,0,0,0,0,64,200000000,22,34
20241212052902,0,1,0,0,0,datasets/linear,,lipp,15390294,100000000,0.99,0,1,0,0,0,0,0,0,0,0,1866,100,0,0,0,0,0,0,64,200000000,22,34
20241212052913,1,0,0,0,0,datasets/linear,,lipp,18092389,100000000,0.99,0,1,0,0,0,0,0,0,0,0,1866,100,0,0,0,0,0,0,64,200000000,22,34
20241212052945,0,0,0,0,1,datasets/linear,,lipp,97675423,1000000,0.99,0,1,0,0,0,0,0,0,0,0,1866,100,0,0,0,0,0,0,64,200000000,41,34
20241212053034,0,1,0,0,0,datasets/linear,,lipp,4081542,1000000,0.99,0,1,0,0,0,0,0,0,0,0,1866,100,0,0,0,0,0,0,64,200000000,41,34
20241212053224,1,0,0,0,0,datasets/linear,,lipp,1814390,1000000,0.99,0,1,0,0,0,0,0,0,0,0,1866,100,0,0,0,0,0,0,64,200000000,41,34
20241212053300,0,0,0,0,1,datasets/linear,,lipp,93624148,1000000,0.99,0,1,0,0,0,0,0,0,0,0,1866,100,0,0,0,0,0,0,64,200000000,42,34
20241212053527,0,1,0,0,0,datasets/linear,,lipp,1354250,1000000,0.99,0,1,0,0,0,0,0,0,0,0,1866,100,0,0,0,0,0,0,64,200000000,42,34
20241212053600,1,0,0,0,0,datasets/linear,,lipp,6081829,1000000,0.99,0,1,0,0,0,0,0,0,0,0,1866,100,0,0,0,0,0,0,64,200000000,42,34
20241212053628,0,0,0,0,1,datasets/linear,,lipp,106198677,2000000,0.99,0,1,0,0,0,0,0,0,0,0,1866,100,0,0,0,0,0,0,64,200000000,41,34
20241212053712,0,1,0,0,0,datasets/linear,,lipp,4479873,2000000,0.99,0,1,0,0,0,0,0,0,0,0,1866,100,0,0,0,0,0,0,64,200000000,41,34
20241212054122,1,0,0,0,0,datasets/linear,,lipp,799160,2000000,0.99,0,1,0,0,0,0,0,0,0,0,1866,100,0,0,0,0,0,0,64,200000000,41,34
20241212054158,0,0,0,0,1,datasets/linear,,lipp,106058171,2000000,0.99,0,1,0,0,0,0,0,0,0,0,1866,100,0,0,0,0,0,0,64,200000000,42,34
20241212054423,0,1,0,0,0,datasets/linear,,lipp,1365080,2000000,0.99,0,1,0,0,0,0,0,0,0,0,1866,100,0,0,0,0,0,0,64,200000000,42,34
20241212054604,1,0,0,0,0,datasets/linear,,lipp,1989472,2000000,0.99,0,1,0,0,0,0,0,0,0,0,1866,100,0,0,0,0,0,0,64,200000000,42,34
20241212054633,0,0,0,0,1,datasets/linear,,lipp,100021748,5000000,0.99,0,1,0,0,0,0,0,0,0,0,1866,100,0,0,0,0,0,0,64,200000000,41,34
20241212054659,0,1,0,0,0,datasets/linear,,lipp,7390710,5000000,0.99,0,1,0,0,0,0,0,0,0,0,1866,100,0,0,0,0,0,0,64,200000000,41,34
20241212054945,1,0,0,0,0,datasets/linear,,lipp,1207950,5000000,0.99,0,1,0,0,0,0,0,0,0,0,1866,100,0,0,0,0,0,0,64,200000000,41,34
20241212055023,0,0,0,0,1,datasets/linear,,lipp,111737093,5000000,0.99,0,1,0,0,0,0,0,0,0,0,1866,100,0,0,0,0,0,0,64,200000000,42,34
20241212055216,0,1,0,0,0,datasets/linear,,lipp,1716167,5000000,0.99,0,1,0,0,0,0,0,0,0,0,1866,100,0,0,0,0,0,0,64,200000000,42,34
20241212055337,1,0,0,0,0,datasets/linear,,lipp,2479032,5000000,0.99,0,1,0,0,0,0,0,0,0,0,1866,100,0,0,0,0,0,0,64,200000000,42,34
20241212055408,0,0,0,0,1,datasets/linear,,lipp,112330720,10000000,0.99,0,1,0,0,0,0,0,0,0,0,1866,100,0,0,0,0,0,0,64,200000000,41,34
20241212055428,0,1,0,0,0,datasets/linear,,lipp,9417715,10000000,0.99,0,1,0,0,0,0,0,0,0,0,1866,100,0,0,0,0,0,0,64,200000000,41,34
20241212055605,1,0,0,0,0,datasets/linear,,lipp,2051467,10000000,0.99,0,1,0,0,0,0,0,0,0,0,1866,100,0,0,0,0,0,0,64,200000000,41,34
20241212055644,0,0,0,0,1,datasets/linear,,lipp,114367990,10000000,0.99,0,1,0,0,0,0,0,0,0,0,1866,100,0,0,0,0,0,0,64,200000000,42,34
20241212055815,0,1,0,0,0,datasets/linear,,lipp,2087147,10000000,0.99,0,1,0,0,0,0,0,0,0,0,1866,100,0,0,0,0,0,0,64,200000000,42,34
20241212055919,1,0,0,0,0,datasets/linear,,lipp,3090192,10000000,0.99,0,1,0,0,0,0,0,0,0,0,1866,100,0,0,0,0,0,0,64,200000000,42,34
20241212055953,0,0,0,0,1,datasets/linear,,lipp,110785252,20000000,0.99,0,1,0,0,0,0,0,0,0,0,1866,100,0,0,0,0,0,0,64,200000000,41,34
20241212060007,0,1,0,0,0,datasets/linear,,lipp,12869346,20000000,0.99,0,1,0,0,0,0,0,0,0,0,1866,100,0,0,0,0,0,0,64,200000000,41,34
20241212060056,1,0,0,0,0,datasets/linear,,lipp,4056955,20000000,0.99,0,1,0,0,0,0,0,0,0,0,1866,100,0,0,0,0,0,0,64,200000000,41,34
20241212060138,0,0,0,0,1,datasets/linear,,lipp,112851603,20000000,0.99,0,1,0,0,0,0,0,0,0,0,1866,100,0,0,0,0,0,0,64,200000000,42,34
20241212060242,0,1,0,0,0,datasets/linear,,lipp,2822746,20000000,0.99,0,1,0,0,0,0,0,0,0,0,1866,100,0,0,0,0,0,0,64,200000000,42,34
20241212060326,1,0,0,0,0,datasets/linear,,lipp,4515019,20000000,0.99,0,1,0,0,0,0,0,0,0,0,1866,100,0,0,0,0,0,0,64,200000000,42,34
20241212060411,0,0,0,0,1,datasets/linear,,lipp,107336860,50000000,0.99,0,1,0,0,0,0,0,0,0,0,1866,100,0,0,0,0,0,0,64,200000000,41,34
20241212060425,0,1,0,0,0,datasets/linear,,lipp,10728072,50000000,0.99,0,1,0,0,0,0,0,0,0,0,1866,100,0,0,0,0,0,0,64,200000000,41,34
20241212060502,1,0,0,0,0,datasets/linear,,lipp,5447760,50000000,0.99,0,1,0,0,0,0,0,0,0,0,1866,100,0,0,0,0,0,0,64,200000000,41,34
20241212060554,0,0,0,0,1,datasets/linear,,lipp,112531137,50000000,0.99,0,1,0,0,0,0,0,0,0,0,1866,100,0,0,0,0,0,0,64,200000000,42,34
20241212060623,0,1,0,0,0,datasets/linear,,lipp,5165272,50000000,0.99,0,1,0,0,0,0,0,0,0,0,1866,100,0,0,0,0,0,0,64,200000000,42,34
20241212060700,1,0,0,0,0,datasets/linear,,lipp,5458201,50000000,0.99,0,1,0,0,0,0,0,0,0,0,1866,100,0,0,0,0,0,0,64,200000000,42,34
20241212060755,0,0,0,0,1,datasets/linear,,lipp,111523997,100000000,0.99,0,1,0,0,0,0,0,0,0,0,1866,100,0,0,0,0,0,0,64,200000000,41,34
20241212060757,0,1,0,0,0,datasets/linear,,lipp,87100080,100000000,0.99,0,1,0,0,0,0,0,0,0,0,1866,100,0,0,0,0,0,0,64,200000000,41,34
20241212060808,1,0,0,0,0,datasets/linear,,lipp,18081703,100000000,0.99,0,1,0,0,0,0,0,0,0,0,1866,100,0,0,0,0,0,0,64,200000000,41,34
20241212060907,0,0,0,0,1,datasets/linear,,lipp,111732517,100000000,0.99,0,1,0,0,0,0,0,0,0,0,1866,100,0,0,0,0,0,0,64,200000000,42,34
20241212060913,0,1,0,0,0,datasets/linear,,lipp,17549904,100000000,0.99,0,1,0,0,0,0,0,0,0,0,1866,100,0,0,0,0,0,0,64,200000000,42,34
20241212060924,1,0,0,0,0,datasets/linear,,lipp,17956861,100000000,0.99,0,1,0,0,0,0,0,0,0,0,1866,100,0,0,0,0,0,0,64,200000000,42,34
20241212061301,0,0,0,0,1,datasets/covid,,lipp,6376846,200000000,0.99,0,1,0,0,0,0,0,0,0,0,1866,100,0,0,0,0,0,0,64,200000000,10,34
20241212061301,0,1,0,0,0,datasets/covid,,lipp,14035654,200000000,0.99,0,1,0,0,0,0,0,0,0,0,1866,100,0,0,0,0,0,0,64,200000000,10,34
20241212061336,1,0,0,0,0,datasets/covid,,lipp,5799391,200000000,0.99,0,1,0,0,0,0,0,0,0,0,1866,100,0,0,0,0,0,0,64,200000000,10,34
20241212061529,0,0,0,0,1,datasets/covid,,lipp,0,0,0.99,0,1,0,0,0,0,0,0,0,0,1866,100,0,0,0,0,0,0,64,200000000,21,34
20241212063342,0,1,0,0,0,datasets/covid,,lipp,182856,0,0.99,0,1,0,0,0,0,0,0,0,0,1866,100,0,0,0,0,0,0,64,200000000,21,34
20241212064507,0,0,0,0,1,datasets/covid,,lipp,0,0,0.99,0,1,0,0,0,0,0,0,0,0,1866,100,0,0,0,0,0,0,64,200000000,22,34
20241212064753,0,1,0,0,0,datasets/covid,,lipp,1203359,0,0.99,0,1,0,0,0,0,0,0,0,0,1866,100,0,0,0,0,0,0,64,200000000,22,34
20241212064853,1,0,0,0,0,datasets/covid,,lipp,3318124,0,0.99,0,1,0,0,0,0,0,0,0,0,1866,100,0,0,0,0,0,0,64,200000000,22,34
20241212065017,0,0,0,0,1,datasets/covid,,lipp,7055290,1000000,0.99,0,1,0,0,0,0,0,0,0,0,1866,100,0,0,0,0,0,0,64,200000000,21,34
20241212065103,0,1,0,0,0,datasets/covid,,lipp,4329978,1000000,0.99,0,1,0,0,0,0,0,0,0,0,1866,100,0,0,0,0,0,0,64,200000000,21,34
20241212065317,1,0,0,0,0,datasets/covid,,lipp,1495916,1000000,0.99,0,1,0,0,0,0,0,0,0,0,1866,100,0,0,0,0,0,0,64,200000000,21,34
20241212065418,0,0,0,0,1,datasets/covid,,lipp,7172258,1000000,0.99,0,1,0,0,0,0,0,0,0,0,1866,100,0,0,0,0,0,0,64,200000000,22,34
20241212065701,0,1,0,0,0,datasets/covid,,lipp,1218826,1000000,0.99,0,1,0,0,0,0,0,0,0,0,1866,100,0,0,0,0,0,0,64,200000000,22,34
20241212065758,1,0,0,0,0,datasets/covid,,lipp,3564275,1000000,0.99,0,1,0,0,0,0,0,0,0,0,1866,100,0,0,0,0,0,0,64,200000000,22,34
20241212065922,0,0,0,0,1,datasets/covid,,lipp,6860639,2000000,0.99,0,1,0,0,0,0,0,0,0,0,1866,100,0,0,0,0,0,0,64,200000000,21,34
20241212065958,0,1,0,0,0,datasets/covid,,lipp,5423311,2000000,0.99,0,1,0,0,0,0,0,0,0,0,1866,100,0,0,0,0,0,0,64,200000000,21,34
20241212070308,1,0,0,0,0,datasets/covid,,lipp,1053051,2000000,0.99,0,1,0,0,0,0,0,0,0,0,1866,100,0,0,0,0,0,0,64,200000000,21,34
20241212070411,0,0,0,0,1,datasets/covid,,lipp,6829703,2000000,0.99,0,1,0,0,0,0,0,0,0,0,1866,100,0,0,0,0,0,0,64,200000000,22,34
20241212070657,0,1,0,0,0,datasets/covid,,lipp,1192729,2000000,0.99,0,1,0,0,0,0,0,0,0,0,1866,100,0,0,0,0,0,0,64,200000000,22,34
20241212070834,1,0,0,0,0,datasets/covid,,lipp,2057105,2000000,0.99,0,1,0,0,0,0,0,0,0,0,1866,100,0,0,0,0,0,0,64,200000000,22,34
20241212071000,0,0,0,0,1,datasets/covid,,lipp,6548658,5000000,0.99,0,1,0,0,0,0,0,0,0,0,1866,100,0,0,0,0,0,0,64,200000000,21,34
20241212071025,0,1,0,0,0,datasets/covid,,lipp,7627774,5000000,0.99,0,1,0,0,0,0,0,0,0,0,1866,100,0,0,0,0,0,0,64,200000000,21,34
20241212071248,1,0,0,0,0,datasets/covid,,lipp,1397327,5000000,0.99,0,1,0,0,0,0,0,0,0,0,1866,100,0,0,0,0,0,0,64,200000000,21,34
20241212071353,0,0,0,0,1,datasets/covid,,lipp,6538809,5000000,0.99,0,1,0,0,0,0,0,0,0,0,1866,100,0,0,0,0,0,0,64,200000000,22,34
20241212071605,0,1,0,0,0,datasets/covid,,lipp,1479624,5000000,0.99,0,1,0,0,0,0,0,0,0,0,1866,100,0,0,0,0,0,0,64,200000000,22,34
20241212071740,1,0,0,0,0,datasets/covid,,lipp,2105561,5000000,0.99,0,1,0,0,0,0,0,0,0,0,1866,100,0,0,0,0,0,0,64,200000000,22,34
20241212071909,0,0,0,0,1,datasets/covid,,lipp,6460568,10000000,0.99,0,1,0,0,0,0,0,0,0,0,1866,100,0,0,0,0,0,0,64,200000000,21,34
20241212071931,0,1,0,0,0,datasets/covid,,lipp,8754975,10000000,0.99,0,1,0,0,0,0,0,0,0,0,1866,100,0,0,0,0,0,0,64,200000000,21,34
20241212072055,1,0,0,0,0,datasets/covid,,lipp,2364446,10000000,0.99,0,1,0,0,0,0,0,0,0,0,1866,100,0,0,0,0,0,0,64,200000000,21,34
20241212072204,0,0,0,0,1,datasets/covid,,lipp,6444689,10000000,0.99,0,1,0,0,0,0,0,0,0,0,1866,100,0,0,0,0,0,0,64,200000000,22,34
20241212072353,0,1,0,0,0,datasets/covid,,lipp,1739660,10000000,0.99,0,1,0,0,0,0,0,0,0,0,1866,100,0,0,0,0,0,0,64,200000000,22,34
20241212072514,1,0,0,0,0,datasets/covid,,lipp,2483368,10000000,0.99,0,1,0,0,0,0,0,0,0,0,1866,100,0,0,0,0,0,0,64,200000000,22,34
20241212072651,0,0,0,0,1,datasets/covid,,lipp,6425915,20000000,0.99,0,1,0,0,0,0,0,0,0,0,1866,100,0,0,0,0,0,0,64,200000000,21,34
20241212072710,0,1,0,0,0,datasets/covid,,lipp,9415078,20000000,0.99,0,1,0,0,0,0,0,0,0,0,1866,100,0,0,0,0,0,0,64,200000000,21,34
20241212072809,1,0,0,0,0,datasets/covid,,lipp,3387977,20000000,0.99,0,1,0,0,0,0,0,0,0,0,1866,100,0,0,0,0,0,0,64,200000000,21,34
20241212072927,0,0,0,0,1,datasets/covid,,lipp,6421400,20000000,0.99,0,1,0,0,0,0,0,0,0,0,1866,100,0,0,0,0,0,0,64,200000000,22,34
20241212073051,0,1,0,0,0,datasets/covid,,lipp,2139811,20000000,0.99,0,1,0,0,0,0,0,0,0,0,1866,100,0,0,0,0,0,0,64,200000000,22,34
20241212073154,1,0,0,0,0,datasets/covid,,lipp,3167486,20000000,0.99,0,1,0,0,0,0,0,0,0,0,1866,100,0,0,0,0,0,0,64,200000000,22,34
20241212073358,0,0,0,0,1,datasets/covid,,lipp,6392780,50000000,0.99,0,1,0,0,0,0,0,0,0,0,1866,100,0,0,0,0,0,0,64,200000000,21,34
20241212073413,0,1,0,0,0,datasets/covid,,lipp,9698508,50000000,0.99,0,1,0,0,0,0,0,0,0,0,1866,100,0,0,0,0,0,0,64,200000000,21,34
20241212073457,1,0,0,0,0,datasets/covid,,lipp,4633248,50000000,0.99,0,1,0,0,0,0,0,0,0,0,1866,100,0,0,0,0,0,0,64,200000000,21,34
20241212073650,0,0,0,0,1,datasets/covid,,lipp,6385634,50000000,0.99,0,1,0,0,0,0,0,0,0,0,1866,100,0,0,0,0,0,0,64,200000000,22,34
20241212073743,0,1,0,0,0,datasets/covid,,lipp,2827179,50000000,0.99,0,1,0,0,0,0,0,0,0,0,1866,100,0,0,0,0,0,0,64,200000000,22,34
20241212073828,1,0,0,0,0,datasets/covid,,lipp,4437711,50000000,0.99,0,1,0,0,0,0,0,0,0,0,1866,100,0,0,0,0,0,0,64,200000000,22,34
20241212074108,0,0,0,0,1,datasets/covid,,lipp,6431109,100000000,0.99,0,1,0,0,0,0,0,0,0,0,1866,100,0,0,0,0,0,0,64,200000000,21,34
20241212074118,0,1,0,0,0,datasets/covid,,lipp,10069279,100000000,0.99,0,1,0,0,0,0,0,0,0,0,1866,100,0,0,0,0,0,0,64,200000000,21,34
20241212074156,1,0,0,0,0,datasets/covid,,lipp,5259251,100000000,0.99,0,1,0,0,0,0,0,0,0,0,1866,100,0,0,0,0,0,0,64,200000000,21,34
20241212074431,0,0,0,0,1,datasets/covid,,lipp,6414503,100000000,0.99,0,1,0,0,0,0,0,0,0,0,1866,100,0,0,0,0,0,0,64,200000000,22,34
20241212074502,0,1,0,0,0,datasets/covid,,lipp,3237366,100000000,0.99,0,1,0,0,0,0,0,0,0,0,1866,100,0,0,0,0,0,0,64,200000000,22,34
20241212074550,1,0,0,0,0,datasets/covid,,lipp,4182627,100000000,0.99,0,1,0,0,0,0,0,0,0,0,1866,100,0,0,0,0,0,0,64,200000000,22,34
20241212074705,0,0,0,0,1,datasets/covid,,lipp,87692064,1000000,0.99,0,1,0,0,0,0,0,0,0,0,1866,100,0,0,0,0,0,0,64,200000000,41,34
20241212074756,0,1,0,0,0,datasets/covid,,lipp,3902497,1000000,0.99,0,1,0,0,0,0,0,0,0,0,1866,100,0,0,0,0,0,0,64,200000000,41,34
20241212075018,1,0,0,0,0,datasets/covid,,lipp,1408886,1000000,0.99,0,1,0,0,0,0,0,0,0,0,1866,100,0,0,0,0,0,0,64,200000000,41,34
20241212075129,0,0,0,0,1,datasets/covid,,lipp,86670480,1000000,0.99,0,1,0,0,0,0,0,0,0,0,1866,100,0,0,0,0,0,0,64,200000000,42,34
20241212075410,0,1,0,0,0,datasets/covid,,lipp,1230017,1000000,0.99,0,1,0,0,0,0,0,0,0,0,1866,100,0,0,0,0,0,0,64,200000000,42,34
20241212075509,1,0,0,0,0,datasets/covid,,lipp,3414428,1000000,0.99,0,1,0,0,0,0,0,0,0,0,1866,100,0,0,0,0,0,0,64,200000000,42,34
20241212075611,0,0,0,0,1,datasets/covid,,lipp,70811719,2000000,0.99,0,1,0,0,0,0,0,0,0,0,1866,100,0,0,0,0,0,0,64,200000000,41,34
20241212075653,0,1,0,0,0,datasets/covid,,lipp,4749188,2000000,0.99,0,1,0,0,0,0,0,0,0,0,1866,100,0,0,0,0,0,0,64,200000000,41,34
20241212080025,1,0,0,0,0,datasets/covid,,lipp,942790,2000000,0.99,0,1,0,0,0,0,0,0,0,0,1866,100,0,0,0,0,0,0,64,200000000,41,34
20241212080136,0,0,0,0,1,datasets/covid,,lipp,72849467,2000000,0.99,0,1,0,0,0,0,0,0,0,0,1866,100,0,0,0,0,0,0,64,200000000,42,34
20241212080419,0,1,0,0,0,datasets/covid,,lipp,1210159,2000000,0.99,0,1,0,0,0,0,0,0,0,0,1866,100,0,0,0,0,0,0,64,200000000,42,34
20241212080600,1,0,0,0,0,datasets/covid,,lipp,1994197,2000000,0.99,0,1,0,0,0,0,0,0,0,0,1866,100,0,0,0,0,0,0,64,200000000,42,34
20241212080704,0,0,0,0,1,datasets/covid,,lipp,48475229,5000000,0.99,0,1,0,0,0,0,0,0,0,0,1866,100,0,0,0,0,0,0,64,200000000,41,34
20241212080731,0,1,0,0,0,datasets/covid,,lipp,7250189,5000000,0.99,0,1,0,0,0,0,0,0,0,0,1866,100,0,0,0,0,0,0,64,200000000,41,34
20241212081019,1,0,0,0,0,datasets/covid,,lipp,1191052,5000000,0.99,0,1,0,0,0,0,0,0,0,0,1866,100,0,0,0,0,0,0,64,200000000,41,34
20241212081132,0,0,0,0,1,datasets/covid,,lipp,46468594,5000000,0.99,0,1,0,0,0,0,0,0,0,0,1866,100,0,0,0,0,0,0,64,200000000,42,34
20241212081341,0,1,0,0,0,datasets/covid,,lipp,1511723,5000000,0.99,0,1,0,0,0,0,0,0,0,0,1866,100,0,0,0,0,0,0,64,200000000,42,34
20241212081514,1,0,0,0,0,datasets/covid,,lipp,2131013,5000000,0.99,0,1,0,0,0,0,0,0,0,0,1866,100,0,0,0,0,0,0,64,200000000,42,34
20241212081623,0,0,0,0,1,datasets/covid,,lipp,29541732,10000000,0.99,0,1,0,0,0,0,0,0,0,0,1866,100,0,0,0,0,0,0,64,200000000,41,34
20241212081644,0,1,0,0,0,datasets/covid,,lipp,8876423,10000000,0.99,0,1,0,0,0,0,0,0,0,0,1866,100,0,0,0,0,0,0,64,200000000,41,34
20241212081819,1,0,0,0,0,datasets/covid,,lipp,2108177,10000000,0.99,0,1,0,0,0,0,0,0,0,0,1866,100,0,0,0,0,0,0,64,200000000,41,34
20241212081935,0,0,0,0,1,datasets/covid,,lipp,29637122,10000000,0.99,0,1,0,0,0,0,0,0,0,0,1866,100,0,0,0,0,0,0,64,200000000,42,34
20241212082118,0,1,0,0,0,datasets/covid,,lipp,1858923,10000000,0.99,0,1,0,0,0,0,0,0,0,0,1866,100,0,0,0,0,0,0,64,200000000,42,34
20241212082235,1,0,0,0,0,datasets/covid,,lipp,2599218,10000000,0.99,0,1,0,0,0,0,0,0,0,0,1866,100,0,0,0,0,0,0,64,200000000,42,34
20241212082351,0,0,0,0,1,datasets/covid,,lipp,17934754,20000000,0.99,0,1,0,0,0,0,0,0,0,0,1866,100,0,0,0,0,0,0,64,200000000,41,34
20241212082409,0,1,0,0,0,datasets/covid,,lipp,10039919,20000000,0.99,0,1,0,0,0,0,0,0,0,0,1866,100,0,0,0,0,0,0,64,200000000,41,34
20241212082510,1,0,0,0,0,datasets/covid,,lipp,3230695,20000000,0.99,0,1,0,0,0,0,0,0,0,0,1866,100,0,0,0,0,0,0,64,200000000,41,34
20241212082635,0,0,0,0,1,datasets/covid,,lipp,18016270,20000000,0.99,0,1,0,0,0,0,0,0,0,0,1866,100,0,0,0,0,0,0,64,200000000,42,34
20241212082751,0,1,0,0,0,datasets/covid,,lipp,2374725,20000000,0.99,0,1,0,0,0,0,0,0,0,0,1866,100,0,0,0,0,0,0,64,200000000,42,34
20241212082853,1,0,0,0,0,datasets/covid,,lipp,3240366,20000000,0.99,0,1,0,0,0,0,0,0,0,0,1866,100,0,0,0,0,0,0,64,200000000,42,34
20241212083038,0,0,0,0,1,datasets/covid,,lipp,9706548,50000000,0.99,0,1,0,0,0,0,0,0,0,0,1866,100,0,0,0,0,0,0,64,200000000,41,34
20241212083051,0,1,0,0,0,datasets/covid,,lipp,11291207,50000000,0.99,0,1,0,0,0,0,0,0,0,0,1866,100,0,0,0,0,0,0,64,200000000,41,34
20241212083136,1,0,0,0,0,datasets/covid,,lipp,4456692,50000000,0.99,0,1,0,0,0,0,0,0,0,0,1866,100,0,0,0,0,0,0,64,200000000,41,34
20241212083332,0,0,0,0,1,datasets/covid,,lipp,9645904,50000000,0.99,0,1,0,0,0,0,0,0,0,0,1866,100,0,0,0,0,0,0,64,200000000,42,34
20241212083414,0,1,0,0,0,datasets/covid,,lipp,3582920,50000000,0.99,0,1,0,0,0,0,0,0,0,0,1866,100,0,0,0,0,0,0,64,200000000,42,34
20241212083500,1,0,0,0,0,datasets/covid,,lipp,4345727,50000000,0.99,0,1,0,0,0,0,0,0,0,0,1866,100,0,0,0,0,0,0,64,200000000,42,34
20241212083721,0,0,0,0,1,datasets/covid,,lipp,7462553,100000000,0.99,0,1,0,0,0,0,0,0,0,0,1866,100,0,0,0,0,0,0,64,200000000,41,34
20241212083728,0,1,0,0,0,datasets/covid,,lipp,14923551,100000000,0.99,0,1,0,0,0,0,0,0,0,0,1866,100,0,0,0,0,0,0,64,200000000,41,34
20241212083808,1,0,0,0,0,datasets/covid,,lipp,5070930,100000000,0.99,0,1,0,0,0,0,0,0,0,0,1866,100,0,0,0,0,0,0,64,200000000,41,34
20241212084040,0,0,0,0,1,datasets/covid,,lipp,7380554,100000000,0.99,0,1,0,0,0,0,0,0,0,0,1866,100,0,0,0,0,0,0,64,200000000,42,34
20241212084100,0,1,0,0,0,datasets/covid,,lipp,5141127,100000000,0.99,0,1,0,0,0,0,0,0,0,0,1866,100,0,0,0,0,0,0,64,200000000,42,34
20241212084140,1,0,0,0,0,datasets/covid,,lipp,4963046,100000000,0.99,0,1,0,0,0,0,0,0,0,0,1866,100,0,0,0,0,0,0,64,200000000,42,34
20241212084424,0,0,0,0,1,datasets/fb-1,,lipp,81548367,200000000,0.99,0,1,0,0,0,0,0,0,0,0,1866,100,0,0,0,0,0,0,64,200000000,10,34
20241212084424,0,1,0,0,0,datasets/fb-1,,lipp,12009882,200000000,0.99,0,1,0,0,0,0,0,0,0,0,1866,100,0,0,0,0,0,0,64,200000000,10,34
20241212084516,1,0,0,0,0,datasets/fb-1,,lipp,3852854,200000000,0.99,0,1,0,0,0,0,0,0,0,0,1866,100,0,0,0,0,0,0,64,200000000,10,34
20241212084633,0,0,0,0,1,datasets/fb-1,,lipp,0,0,0.99,0,1,0,0,0,0,0,0,0,0,1866,100,0,0,0,0,0,0,64,200000000,21,34
20241212085617,0,1,0,0,0,datasets/fb-1,,lipp,342374,0,0.99,0,1,0,0,0,0,0,0,0,0,1866,100,0,0,0,0,0,0,64,200000000,21,34
20241212090134,1,0,0,0,0,datasets/fb-1,,lipp,630502,0,0.99,0,1,0,0,0,0,0,0,0,0,1866,100,0,0,0,0,0,0,64,200000000,21,34
20241212090201,0,0,0,0,1,datasets/fb-1,,lipp,0,0,0.99,0,1,0,0,0,0,0,0,0,0,1866,100,0,0,0,0,0,0,64,200000000,22,34
20241212090455,0,1,0,0,0,datasets/fb-1,,lipp,1152564,0,0.99,0,1,0,0,0,0,0,0,0,0,1866,100,0,0,0,0,0,0,64,200000000,22,34
20241212090610,1,0,0,0,0,datasets/fb-1,,lipp,2643386,0,0.99,0,1,0,0,0,0,0,0,0,0,1866,100,0,0,0,0,0,0,64,200000000,22,34
20241212090701,0,0,0,0,1,datasets/fb-1,,lipp,80656218,1000000,0.99,0,1,0,0,0,0,0,0,0,0,1866,100,0,0,0,0,0,0,64,200000000,21,34
20241212090757,0,1,0,0,0,datasets/fb-1,,lipp,3537591,1000000,0.99,0,1,0,0,0,0,0,0,0,0,1866,100,0,0,0,0,0,0,64,200000000,21,34
20241212090959,1,0,0,0,0,datasets/fb-1,,lipp,1636149,1000000,0.99,0,1,0,0,0,0,0,0,0,0,1866,100,0,0,0,0,0,0,64,200000000,21,34
20241212091027,0,0,0,0,1,datasets/fb-1,,lipp,76595483,1000000,0.99,0,1,0,0,0,0,0,0,0,0,1866,100,0,0,0,0,0,0,64,200000000,22,34
20241212091320,0,1,0,0,0,datasets/fb-1,,lipp,1151029,1000000,0.99,0,1,0,0,0,0,0,0,0,0,1866,100,0,0,0,0,0,0,64,200000000,22,34
20241212091435,1,0,0,0,0,datasets/fb-1,,lipp,2661717,1000000,0.99,0,1,0,0,0,0,0,0,0,0,1866,100,0,0,0,0,0,0,64,200000000,22,34
20241212091526,0,0,0,0,1,datasets/fb-1,,lipp,81458431,2000000,0.99,0,1,0,0,0,0,0,0,0,0,1866,100,0,0,0,0,0,0,64,200000000,21,34
20241212091612,0,1,0,0,0,datasets/fb-1,,lipp,4292520,2000000,0.99,0,1,0,0,0,0,0,0,0,0,1866,100,0,0,0,0,0,0,64,200000000,21,34
20241212091723,1,0,0,0,0,datasets/fb-1,,lipp,2796406,2000000,0.99,0,1,0,0,0,0,0,0,0,0,1866,100,0,0,0,0,0,0,64,200000000,21,34
20241212091752,0,0,0,0,1,datasets/fb-1,,lipp,81890021,2000000,0.99,0,1,0,0,0,0,0,0,0,0,1866,100,0,0,0,0,0,0,64,200000000,22,34
20241212092043,0,1,0,0,0,datasets/fb-1,,lipp,1157081,2000000,0.99,0,1,0,0,0,0,0,0,0,0,1866,100,0,0,0,0,0,0,64,200000000,22,34
20241212092148,1,0,0,0,0,datasets/fb-1,,lipp,3049897,2000000,0.99,0,1,0,0,0,0,0,0,0,0,1866,100,0,0,0,0,0,0,64,200000000,22,34
20241212092240,0,0,0,0,1,datasets/fb-1,,lipp,78835171,5000000,0.99,0,1,0,0,0,0,0,0,0,0,1866,100,0,0,0,0,0,0,64,200000000,21,34
20241212092332,0,1,0,0,0,datasets/fb-1,,lipp,3775979,5000000,0.99,0,1,0,0,0,0,0,0,0,0,1866,100,0,0,0,0,0,0,64,200000000,21,34
20241212092433,1,0,0,0,0,datasets/fb-1,,lipp,3266819,5000000,0.99,0,1,0,0,0,0,0,0,0,0,1866,100,0,0,0,0,0,0,64,200000000,21,34
20241212092504,0,0,0,0,1,datasets/fb-1,,lipp,85731579,5000000,0.99,0,1,0,0,0,0,0,0,0,0,1866,100,0,0,0,0,0,0,64,200000000,22,34
20241212092807,0,1,0,0,0,datasets/fb-1,,lipp,1062409,5000000,0.99,0,1,0,0,0,0,0,0,0,0,1866,100,0,0,0,0,0,0,64,200000000,22,34
20241212092908,1,0,0,0,0,datasets/fb-1,,lipp,3311451,5000000,0.99,0,1,0,0,0,0,0,0,0,0,1866,100,0,0,0,0,0,0,64,200000000,22,34
20241212093003,0,0,0,0,1,datasets/fb-1,,lipp,86247076,10000000,0.99,0,1,0,0,0,0,0,0,0,0,1866,100,0,0,0,0,0,0,64,200000000,21,34
20241212093053,0,1,0,0,0,datasets/fb-1,,lipp,3819835,10000000,0.99,0,1,0,0,0,0,0,0,0,0,1866,100,0,0,0,0,0,0,64,200000000,21,34
20241212093153,1,0,0,0,0,datasets/fb-1,,lipp,3298966,10000000,0.99,0,1,0,0,0,0,0,0,0,0,1866,100,0,0,0,0,0,0,64,200000000,21,34
20241212093228,0,0,0,0,1,datasets/fb-1,,lipp,80392027,10000000,0.99,0,1,0,0,0,0,0,0,0,0,1866,100,0,0,0,0,0,0,64,200000000,22,34
20241212093528,0,1,0,0,0,datasets/fb-1,,lipp,1050664,10000000,0.99,0,1,0,0,0,0,0,0,0,0,1866,100,0,0,0,0,0,0,64,200000000,22,34
20241212093629,1,0,0,0,0,datasets/fb-1,,lipp,3315106,10000000,0.99,0,1,0,0,0,0,0,0,0,0,1866,100,0,0,0,0,0,0,64,200000000,22,34
20241212093731,0,0,0,0,1,datasets/fb-1,,lipp,85211402,20000000,0.99,0,1,0,0,0,0,0,0,0,0,1866,100,0,0,0,0,0,0,64,200000000,21,34
20241212093817,0,1,0,0,0,datasets/fb-1,,lipp,3868062,20000000,0.99,0,1,0,0,0,0,0,0,0,0,1866,100,0,0,0,0,0,0,64,200000000,21,34
20241212093918,1,0,0,0,0,datasets/fb-1,,lipp,3316169,20000000,0.99,0,1,0,0,0,0,0,0,0,0,1866,100,0,0,0,0,0,0,64,200000000,21,34
20241212094000,0,0,0,0,1,datasets/fb-1,,lipp,85434571,20000000,0.99,0,1,0,0,0,0,0,0,0,0,1866,100,0,0,0,0,0,0,64,200000000,22,34
20241212094251,0,1,0,0,0,datasets/fb-1,,lipp,1053591,20000000,0.99,0,1,0,0,0,0,0,0,0,0,1866,100,0,0,0,0,0,0,64,200000000,22,34
20241212094352,1,0,0,0,0,datasets/fb-1,,lipp,3308236,20000000,0.99,0,1,0,0,0,0,0,0,0,0,1866,100,0,0,0,0,0,0,64,200000000,22,34
20241212094518,0,0,0,0,1,datasets/fb-1,,lipp,85914319,50000000,0.99,0,1,0,0,0,0,0,0,0,0,1866,100,0,0,0,0,0,0,64,200000000,21,34
20241212094554,0,1,0,0,0,datasets/fb-1,,lipp,4210613,50000000,0.99,0,1,0,0,0,0,0,0,0,0,1866,100,0,0,0,0,0,0,64,200000000,21,34
20241212094654,1,0,0,0,0,datasets/fb-1,,lipp,3314791,50000000,0.99,0,1,0,0,0,0,0,0,0,0,1866,100,0,0,0,0,0,0,64,200000000,21,34
20241212094809,0,0,0,0,1,datasets/fb-1,,lipp,76522018,50000000,0.99,0,1,0,0,0,0,0,0,0,0,1866,100,0,0,0,0,0,0,64,200000000,22,34
20241212095020,0,1,0,0,0,datasets/fb-1,,lipp,1139332,50000000,0.99,0,1,0,0,0,0,0,0,0,0,1866,100,0,0,0,0,0,0,64,200000000,22,34
20241212095122,1,0,0,0,0,datasets/fb-1,,lipp,3258930,50000000,0.99,0,1,0,0,0,0,0,0,0,0,1866,100,0,0,0,0,0,0,64,200000000,22,34
20241212095317,0,0,0,0,1,datasets/fb-1,,lipp,83896425,100000000,0.99,0,1,0,0,0,0,0,0,0,0,1866,100,0,0,0,0,0,0,64,200000000,21,34
20241212095337,0,1,0,0,0,datasets/fb-1,,lipp,5058870,100000000,0.99,0,1,0,0,0,0,0,0,0,0,1866,100,0,0,0,0,0,0,64,200000000,21,34
20241212095437,1,0,0,0,0,datasets/fb-1,,lipp,3319693,100000000,0.99,0,1,0,0,0,0,0,0,0,0,1866,100,0,0,0,0,0,0,64,200000000,21,34
20241212095628,0,0,0,0,1,datasets/fb-1,,lipp,83734695,100000000,0.99,0,1,0,0,0,0,0,0,0,0,1866,100,0,0,0,0,0,0,64,200000000,22,34
20241212095745,0,1,0,0,0,datasets/fb-1,,lipp,1298448,100000000,0.99,0,1,0,0,0,0,0,0,0,0,1866,100,0,0,0,0,0,0,64,200000000,22,34
20241212095847,1,0,0,0,0,datasets/fb-1,,lipp,3247416,100000000,0.99,0,1,0,0,0,0,0,0,0,0,1866,100,0,0,0,0,0,0,64,200000000,22,34
20241212095928,0,0,0,0,1,datasets/fb-1,,lipp,72637061,1000000,0.99,0,1,0,0,0,0,0,0,0,0,1866,100,0,0,0,0,0,0,64,200000000,41,34
20241212100927,0,1,0,0,0,datasets/fb-1,,lipp,332292,1000000,0.99,0,1,0,0,0,0,0,0,0,0,1866,100,0,0,0,0,0,0,64,200000000,41,34
20241212101501,1,0,0,0,0,datasets/fb-1,,lipp,598396,1000000,0.99,0,1,0,0,0,0,0,0,0,0,1866,100,0,0,0,0,0,0,64,200000000,41,34
20241212101537,0,0,0,0,1,datasets/fb-1,,lipp,80111847,1000000,0.99,0,1,0,0,0,0,0,0,0,0,1866,100,0,0,0,0,0,0,64,200000000,42,34
20241212101837,0,1,0,0,0,datasets/fb-1,,lipp,1108152,1000000,0.99,0,1,0,0,0,0,0,0,0,0,1866,100,0,0,0,0,0,0,64,200000000,42,34
20241212102003,1,0,0,0,0,datasets/fb-1,,lipp,2322659,1000000,0.99,0,1,0,0,0,0,0,0,0,0,1866,100,0,0,0,0,0,0,64,200000000,42,34
20241212102031,0,0,0,0,1,datasets/fb-1,,lipp,85651756,2000000,0.99,0,1,0,0,0,0,0,0,0,0,1866,100,0,0,0,0,0,0,64,200000000,41,34
20241212103011,0,1,0,0,0,datasets/fb-1,,lipp,341612,2000000,0.99,0,1,0,0,0,0,0,0,0,0,1866,100,0,0,0,0,0,0,64,200000000,41,34
20241212103522,1,0,0,0,0,datasets/fb-1,,lipp,642876,2000000,0.99,0,1,0,0,0,0,0,0,0,0,1866,100,0,0,0,0,0,0,64,200000000,41,34
20241212103558,0,0,0,0,1,datasets/fb-1,,lipp,83580954,2000000,0.99,0,1,0,0,0,0,0,0,0,0,1866,100,0,0,0,0,0,0,64,200000000,42,34
20241212103856,0,1,0,0,0,datasets/fb-1,,lipp,1113025,2000000,0.99,0,1,0,0,0,0,0,0,0,0,1866,100,0,0,0,0,0,0,64,200000000,42,34
20241212104024,1,0,0,0,0,datasets/fb-1,,lipp,2292497,2000000,0.99,0,1,0,0,0,0,0,0,0,0,1866,100,0,0,0,0,0,0,64,200000000,42,34
20241212104053,0,0,0,0,1,datasets/fb-1,,lipp,87475987,5000000,0.99,0,1,0,0,0,0,0,0,0,0,1866,100,0,0,0,0,0,0,64,200000000,41,34
20241212105018,0,1,0,0,0,datasets/fb-1,,lipp,345523,5000000,0.99,0,1,0,0,0,0,0,0,0,0,1866,100,0,0,0,0,0,0,64,200000000,41,34
20241212105527,1,0,0,0,0,datasets/fb-1,,lipp,646136,5000000,0.99,0,1,0,0,0,0,0,0,0,0,1866,100,0,0,0,0,0,0,64,200000000,41,34
20241212105606,0,0,0,0,1,datasets/fb-1,,lipp,86773388,5000000,0.99,0,1,0,0,0,0,0,0,0,0,1866,100,0,0,0,0,0,0,64,200000000,42,34
20241212105901,0,1,0,0,0,datasets/fb-1,,lipp,1114313,5000000,0.99,0,1,0,0,0,0,0,0,0,0,1866,100,0,0,0,0,0,0,64,200000000,42,34
20241212110027,1,0,0,0,0,datasets/fb-1,,lipp,2311339,5000000,0.99,0,1,0,0,0,0,0,0,0,0,1866,100,0,0,0,0,0,0,64,200000000,42,34
20241212110100,0,0,0,0,1,datasets/fb-1,,lipp,86158498,10000000,0.99,0,1,0,0,0,0,0,0,0,0,1866,100,0,0,0,0,0,0,64,200000000,41,34
20241212110323,0,1,0,0,0,datasets/fb-1,,lipp,1329365,10000000,0.99,0,1,0,0,0,0,0,0,0,0,1866,100,0,0,0,0,0,0,64,200000000,41,34
20241212110418,1,0,0,0,0,datasets/fb-1,,lipp,3628498,10000000,0.99,0,1,0,0,0,0,0,0,0,0,1866,100,0,0,0,0,0,0,64,200000000,41,34
20241212110500,0,0,0,0,1,datasets/fb-1,,lipp,87355970,10000000,0.99,0,1,0,0,0,0,0,0,0,0,1866,100,0,0,0,0,0,0,64,200000000,42,34
20241212110749,0,1,0,0,0,datasets/fb-1,,lipp,1124839,10000000,0.99,0,1,0,0,0,0,0,0,0,0,1866,100,0,0,0,0,0,0,64,200000000,42,34
20241212110845,1,0,0,0,0,datasets/fb-1,,lipp,3565365,10000000,0.99,0,1,0,0,0,0,0,0,0,0,1866,100,0,0,0,0,0,0,64,200000000,42,34
20241212110924,0,0,0,0,1,datasets/fb-1,,lipp,86999170,20000000,0.99,0,1,0,0,0,0,0,0,0,0,1866,100,0,0,0,0,0,0,64,200000000,41,34
20241212111151,0,1,0,0,0,datasets/fb-1,,lipp,1227730,20000000,0.99,0,1,0,0,0,0,0,0,0,0,1866,100,0,0,0,0,0,0,64,200000000,41,34
20241212111247,1,0,0,0,0,datasets/fb-1,,lipp,3547602,20000000,0.99,0,1,0,0,0,0,0,0,0,0,1866,100,0,0,0,0,0,0,64,200000000,41,34
20241212111335,0,0,0,0,1,datasets/fb-1,,lipp,84205815,20000000,0.99,0,1,0,0,0,0,0,0,0,0,1866,100,0,0,0,0,0,0,64,200000000,42,34
20241212111616,0,1,0,0,0,datasets/fb-1,,lipp,1120470,20000000,0.99,0,1,0,0,0,0,0,0,0,0,1866,100,0,0,0,0,0,0,64,200000000,42,34
20241212111714,1,0,0,0,0,datasets/fb-1,,lipp,3426726,20000000,0.99,0,1,0,0,0,0,0,0,0,0,1866,100,0,0,0,0,0,0,64,200000000,42,34
20241212111817,0,0,0,0,1,datasets/fb-1,,lipp,86811289,50000000,0.99,0,1,0,0,0,0,0,0,0,0,1866,100,0,0,0,0,0,0,64,200000000,41,34
20241212112031,0,1,0,0,0,datasets/fb-1,,lipp,1123127,50000000,0.99,0,1,0,0,0,0,0,0,0,0,1866,100,0,0,0,0,0,0,64,200000000,41,34
20241212112127,1,0,0,0,0,datasets/fb-1,,lipp,3549788,50000000,0.99,0,1,0,0,0,0,0,0,0,0,1866,100,0,0,0,0,0,0,64,200000000,41,34
20241212112241,0,0,0,0,1,datasets/fb-1,,lipp,86533222,50000000,0.99,0,1,0,0,0,0,0,0,0,0,1866,100,0,0,0,0,0,0,64,200000000,42,34
20241212112439,0,1,0,0,0,datasets/fb-1,,lipp,1264786,50000000,0.99,0,1,0,0,0,0,0,0,0,0,1866,100,0,0,0,0,0,0,64,200000000,42,34
20241212112541,1,0,0,0,0,datasets/fb-1,,lipp,3244955,50000000,0.99,0,1,0,0,0,0,0,0,0,0,1866,100,0,0,0,0,0,0,64,200000000,42,34
20241212112714,0,0,0,0,1,datasets/fb-1,,lipp,84992371,100000000,0.99,0,1,0,0,0,0,0,0,0,0,1866,100,0,0,0,0,0,0,64,200000000,41,34
20241212112853,0,1,0,0,0,datasets/fb-1,,lipp,1013990,100000000,0.99,0,1,0,0,0,0,0,0,0,0,1866,100,0,0,0,0,0,0,64,200000000,41,34
20241212112948,1,0,0,0,0,datasets/fb-1,,lipp,3632829,100000000,0.99,0,1,0,0,0,0,0,0,0,0,1866,100,0,0,0,0,0,0,64,200000000,41,34
20241212113131,0,0,0,0,1,datasets/fb-1,,lipp,76909866,100000000,0.99,0,1,0,0,0,0,0,0,0,0,1866,100,0,0,0,0,0,0,64,200000000,42,34
20241212113247,0,1,0,0,0,datasets/fb-1,,lipp,1316488,100000000,0.99,0,1,0,0,0,0,0,0,0,0,1866,100,0,0,0,0,0,0,64,200000000,42,34
20241212113345,1,0,0,0,0,datasets/fb-1,,lipp,3441628,100000000,0.99,0,1,0,0,0,0,0,0,0,0,1866,100,0,0,0,0,0,0,64,200000000,42,34
20241212113704,0,0,0,0,1,datasets/osm,,lipp,26464512,200000000,0.99,0,1,0,0,0,0,0,0,0,0,1866,100,0,0,0,0,0,0,64,200000000,10,34
20241212113704,0,1,0,0,0,datasets/osm,,lipp,9849853,200000000,0.99,0,1,0,0,0,0,0,0,0,0,1866,100,0,0,0,0,0,0,64,200000000,10,34
20241212113754,1,0,0,0,0,datasets/osm,,lipp,3942989,200000000,0.99,0,1,0,0,0,0,0,0,0,0,1866,100,0,0,0,0,0,0,64,200000000,10,34
20241212113914,0,0,0,0,1,datasets/osm,,lipp,0,0,0.99,0,1,0,0,0,0,0,0,0,0,1866,100,0,0,0,0,0,0,64,200000000,21,34
20241212114823,0,1,0,0,0,datasets/osm,,lipp,364099,0,0.99,0,1,0,0,0,0,0,0,0,0,1866,100,0,0,0,0,0,0,64,200000000,21,34
20241212115342,1,0,0,0,0,datasets/osm,,lipp,627687,0,0.99,0,1,0,0,0,0,0,0,0,0,1866,100,0,0,0,0,0,0,64,200000000,21,34
20241212115409,0,0,0,0,1,datasets/osm,,lipp,0,0,0.99,0,1,0,0,0,0,0,0,0,0,1866,100,0,0,0,0,0,0,64,200000000,22,34
20241212115634,0,1,0,0,0,datasets/osm,,lipp,1380156,0,0.99,0,1,0,0,0,0,0,0,0,0,1866,100,0,0,0,0,0,0,64,200000000,22,34
20241212115735,1,0,0,0,0,datasets/osm,,lipp,3251397,0,0.99,0,1,0,0,0,0,0,0,0,0,1866,100,0,0,0,0,0,0,64,200000000,22,34
20241212115825,0,0,0,0,1,datasets/osm,,lipp,21682614,1000000,0.99,0,1,0,0,0,0,0,0,0,0,1866,100,0,0,0,0,0,0,64,200000000,21,34
20241212115919,0,1,0,0,0,datasets/osm,,lipp,3662819,1000000,0.99,0,1,0,0,0,0,0,0,0,0,1866,100,0,0,0,0,0,0,64,200000000,21,34
20241212120034,1,0,0,0,0,datasets/osm,,lipp,2685027,1000000,0.99,0,1,0,0,0,0,0,0,0,0,1866,100,0,0,0,0,0,0,64,200000000,21,34
20241212120101,0,0,0,0,1,datasets/osm,,lipp,21374646,1000000,0.99,0,1,0,0,0,0,0,0,0,0,1866,100,0,0,0,0,0,0,64,200000000,22,34
20241212120321,0,1,0,0,0,datasets/osm,,lipp,1425855,1000000,0.99,0,1,0,0,0,0,0,0,0,0,1866,100,0,0,0,0,0,0,64,200000000,22,34
20241212120421,1,0,0,0,0,datasets/osm,,lipp,3354694,1000000,0.99,0,1,0,0,0,0,0,0,0,0,1866,100,0,0,0,0,0,0,64,200000000,22,34
20241212120511,0,0,0,0,1,datasets/osm,,lipp,21685552,2000000,0.99,0,1,0,0,0,0,0,0,0,0,1866,100,0,0,0,0,0,0,64,200000000,21,34
20241212120557,0,1,0,0,0,datasets/osm,,lipp,4254354,2000000,0.99,0,1,0,0,0,0,0,0,0,0,1866,100,0,0,0,0,0,0,64,200000000,21,34
20241212120715,1,0,0,0,0,datasets/osm,,lipp,2586687,2000000,0.99,0,1,0,0,0,0,0,0,0,0,1866,100,0,0,0,0,0,0,64,200000000,21,34
20241212120743,0,0,0,0,1,datasets/osm,,lipp,21386119,2000000,0.99,0,1,0,0,0,0,0,0,0,0,1866,100,0,0,0,0,0,0,64,200000000,22,34
20241212121001,0,1,0,0,0,datasets/osm,,lipp,1432353,2000000,0.99,0,1,0,0,0,0,0,0,0,0,1866,100,0,0,0,0,0,0,64,200000000,22,34
20241212121101,1,0,0,0,0,datasets/osm,,lipp,3325920,2000000,0.99,0,1,0,0,0,0,0,0,0,0,1866,100,0,0,0,0,0,0,64,200000000,22,34
20241212121154,0,0,0,0,1,datasets/osm,,lipp,22350256,5000000,0.99,0,1,0,0,0,0,0,0,0,0,1866,100,0,0,0,0,0,0,64,200000000,21,34
20241212121232,0,1,0,0,0,datasets/osm,,lipp,5042702,5000000,0.99,0,1,0,0,0,0,0,0,0,0,1866,100,0,0,0,0,0,0,64,200000000,21,34
20241212121351,1,0,0,0,0,datasets/osm,,lipp,2547232,5000000,0.99,0,1,0,0,0,0,0,0,0,0,1866,100,0,0,0,0,0,0,64,200000000,21,34
20241212121422,0,0,0,0,1,datasets/osm,,lipp,22314745,5000000,0.99,0,1,0,0,0,0,0,0,0,0,1866,100,0,0,0,0,0,0,64,200000000,22,34
20241212121644,0,1,0,0,0,datasets/osm,,lipp,1367915,5000000,0.99,0,1,0,0,0,0,0,0,0,0,1866,100,0,0,0,0,0,0,64,200000000,22,34
20241212121745,1,0,0,0,0,datasets/osm,,lipp,3280126,5000000,0.99,0,1,0,0,0,0,0,0,0,0,1866,100,0,0,0,0,0,0,64,200000000,22,34
20241212121841,0,0,0,0,1,datasets/osm,,lipp,23190061,10000000,0.99,0,1,0,0,0,0,0,0,0,0,1866,100,0,0,0,0,0,0,64,200000000,21,34
20241212121914,0,1,0,0,0,datasets/osm,,lipp,5786052,10000000,0.99,0,1,0,0,0,0,0,0,0,0,1866,100,0,0,0,0,0,0,64,200000000,21,34
20241212122032,1,0,0,0,0,datasets/osm,,lipp,2561531,10000000,0.99,0,1,0,0,0,0,0,0,0,0,1866,100,0,0,0,0,0,0,64,200000000,21,34
20241212122107,0,0,0,0,1,datasets/osm,,lipp,23150279,10000000,0.99,0,1,0,0,0,0,0,0,0,0,1866,100,0,0,0,0,0,0,64,200000000,22,34
20241212122327,0,1,0,0,0,datasets/osm,,lipp,1361941,10000000,0.99,0,1,0,0,0,0,0,0,0,0,1866,100,0,0,0,0,0,0,64,200000000,22,34
20241212122430,1,0,0,0,0,datasets/osm,,lipp,3182219,10000000,0.99,0,1,0,0,0,0,0,0,0,0,1866,100,0,0,0,0,0,0,64,200000000,22,34
20241212122533,0,0,0,0,1,datasets/osm,,lipp,24110684,20000000,0.99,0,1,0,0,0,0,0,0,0,0,1866,100,0,0,0,0,0,0,64,200000000,21,34
20241212122601,0,1,0,0,0,datasets/osm,,lipp,6502171,20000000,0.99,0,1,0,0,0,0,0,0,0,0,1866,100,0,0,0,0,0,0,64,200000000,21,34
20241212122716,1,0,0,0,0,datasets/osm,,lipp,2655366,20000000,0.99,0,1,0,0,0,0,0,0,0,0,1866,100,0,0,0,0,0,0,64,200000000,21,34
20241212122801,0,0,0,0,1,datasets/osm,,lipp,24034011,20000000,0.99,0,1,0,0,0,0,0,0,0,0,1866,100,0,0,0,0,0,0,64,200000000,22,34
20241212123013,0,1,0,0,0,datasets/osm,,lipp,1359175,20000000,0.99,0,1,0,0,0,0,0,0,0,0,1866,100,0,0,0,0,0,0,64,200000000,22,34
20241212123120,1,0,0,0,0,datasets/osm,,lipp,2988599,20000000,0.99,0,1,0,0,0,0,0,0,0,0,1866,100,0,0,0,0,0,0,64,200000000,22,34
20241212123252,0,0,0,0,1,datasets/osm,,lipp,25032526,50000000,0.99,0,1,0,0,0,0,0,0,0,0,1866,100,0,0,0,0,0,0,64,200000000,21,34
20241212123313,0,1,0,0,0,datasets/osm,,lipp,7373163,50000000,0.99,0,1,0,0,0,0,0,0,0,0,1866,100,0,0,0,0,0,0,64,200000000,21,34
20241212123421,1,0,0,0,0,datasets/osm,,lipp,2930957,50000000,0.99,0,1,0,0,0,0,0,0,0,0,1866,100,0,0,0,0,0,0,64,200000000,21,34
20241212123541,0,0,0,0,1,datasets/osm,,lipp,25026815,50000000,0.99,0,1,0,0,0,0,0,0,0,0,1866,100,0,0,0,0,0,0,64,200000000,22,34
20241212123725,0,1,0,0,0,datasets/osm,,lipp,1441094,50000000,0.99,0,1,0,0,0,0,0,0,0,0,1866,100,0,0,0,0,0,0,64,200000000,22,34
20241212123834,1,0,0,0,0,datasets/osm,,lipp,2924426,50000000,0.99,0,1,0,0,0,0,0,0,0,0,1866,100,0,0,0,0,0,0,64,200000000,22,34
20241212124043,0,0,0,0,1,datasets/osm,,lipp,26217076,100000000,0.99,0,1,0,0,0,0,0,0,0,0,1866,100,0,0,0,0,0,0,64,200000000,21,34
20241212124056,0,1,0,0,0,datasets/osm,,lipp,7803978,100000000,0.99,0,1,0,0,0,0,0,0,0,0,1866,100,0,0,0,0,0,0,64,200000000,21,34
20241212124206,1,0,0,0,0,datasets/osm,,lipp,2863784,100000000,0.99,0,1,0,0,0,0,0,0,0,0,1866,100,0,0,0,0,0,0,64,200000000,21,34
20241212124411,0,0,0,0,1,datasets/osm,,lipp,26349237,100000000,0.99,0,1,0,0,0,0,0,0,0,0,1866,100,0,0,0,0,0,0,64,200000000,22,34
20241212124513,0,1,0,0,0,datasets/osm,,lipp,1604267,100000000,0.99,0,1,0,0,0,0,0,0,0,0,1866,100,0,0,0,0,0,0,64,200000000,22,34
20241212124616,1,0,0,0,0,datasets/osm,,lipp,3175183,100000000,0.99,0,1,0,0,0,0,0,0,0,0,1866,100,0,0,0,0,0,0,64,200000000,22,34
20241212124657,0,0,0,0,1,datasets/osm,,lipp,46679146,1000000,0.99,0,1,0,0,0,0,0,0,0,0,1866,100,0,0,0,0,0,0,64,200000000,41,34
20241212125615,0,1,0,0,0,datasets/osm,,lipp,356961,1000000,0.99,0,1,0,0,0,0,0,0,0,0,1866,100,0,0,0,0,0,0,64,200000000,41,34
20241212130141,1,0,0,0,0,datasets/osm,,lipp,612612,1000000,0.99,0,1,0,0,0,0,0,0,0,0,1866,100,0,0,0,0,0,0,64,200000000,41,34
20241212130217,0,0,0,0,1,datasets/osm,,lipp,46111064,1000000,0.99,0,1,0,0,0,0,0,0,0,0,1866,100,0,0,0,0,0,0,64,200000000,42,34
20241212130443,0,1,0,0,0,datasets/osm,,lipp,1370369,1000000,0.99,0,1,0,0,0,0,0,0,0,0,1866,100,0,0,0,0,0,0,64,200000000,42,34
20241212130551,1,0,0,0,0,datasets/osm,,lipp,2910400,1000000,0.99,0,1,0,0,0,0,0,0,0,0,1866,100,0,0,0,0,0,0,64,200000000,42,34
20241212130620,0,0,0,0,1,datasets/osm,,lipp,51378555,2000000,0.99,0,1,0,0,0,0,0,0,0,0,1866,100,0,0,0,0,0,0,64,200000000,41,34
20241212131406,0,1,0,0,0,datasets/osm,,lipp,424906,2000000,0.99,0,1,0,0,0,0,0,0,0,0,1866,100,0,0,0,0,0,0,64,200000000,41,34
20241212131844,1,0,0,0,0,datasets/osm,,lipp,717818,2000000,0.99,0,1,0,0,0,0,0,0,0,0,1866,100,0,0,0,0,0,0,64,200000000,41,34
20241212131921,0,0,0,0,1,datasets/osm,,lipp,51720972,2000000,0.99,0,1,0,0,0,0,0,0,0,0,1866,100,0,0,0,0,0,0,64,200000000,42,34
20241212132148,0,1,0,0,0,datasets/osm,,lipp,1343905,2000000,0.99,0,1,0,0,0,0,0,0,0,0,1866,100,0,0,0,0,0,0,64,200000000,42,34
20241212132255,1,0,0,0,0,datasets/osm,,lipp,2975691,2000000,0.99,0,1,0,0,0,0,0,0,0,0,1866,100,0,0,0,0,0,0,64,200000000,42,34
20241212132325,0,0,0,0,1,datasets/osm,,lipp,64513257,5000000,0.99,0,1,0,0,0,0,0,0,0,0,1866,100,0,0,0,0,0,0,64,200000000,41,34
20241212132532,0,1,0,0,0,datasets/osm,,lipp,1543984,5000000,0.99,0,1,0,0,0,0,0,0,0,0,1866,100,0,0,0,0,0,0,64,200000000,41,34
20241212132726,1,0,0,0,0,datasets/osm,,lipp,1748553,5000000,0.99,0,1,0,0,0,0,0,0,0,0,1866,100,0,0,0,0,0,0,64,200000000,41,34
20241212132804,0,0,0,0,1,datasets/osm,,lipp,66276511,5000000,0.99,0,1,0,0,0,0,0,0,0,0,1866,100,0,0,0,0,0,0,64,200000000,42,34
20241212133023,0,1,0,0,0,datasets/osm,,lipp,1403968,5000000,0.99,0,1,0,0,0,0,0,0,0,0,1866,100,0,0,0,0,0,0,64,200000000,42,34
20241212133129,1,0,0,0,0,datasets/osm,,lipp,3039271,5000000,0.99,0,1,0,0,0,0,0,0,0,0,1866,100,0,0,0,0,0,0,64,200000000,42,34
20241212133203,0,0,0,0,1,datasets/osm,,lipp,57262045,10000000,0.99,0,1,0,0,0,0,0,0,0,0,1866,100,0,0,0,0,0,0,64,200000000,41,34
20241212133349,0,1,0,0,0,datasets/osm,,lipp,1794809,10000000,0.99,0,1,0,0,0,0,0,0,0,0,1866,100,0,0,0,0,0,0,64,200000000,41,34
20241212133539,1,0,0,0,0,datasets/osm,,lipp,1811602,10000000,0.99,0,1,0,0,0,0,0,0,0,0,1866,100,0,0,0,0,0,0,64,200000000,41,34
20241212133621,0,0,0,0,1,datasets/osm,,lipp,57300861,10000000,0.99,0,1,0,0,0,0,0,0,0,0,1866,100,0,0,0,0,0,0,64,200000000,42,34
20241212133838,0,1,0,0,0,datasets/osm,,lipp,1392776,10000000,0.99,0,1,0,0,0,0,0,0,0,0,1866,100,0,0,0,0,0,0,64,200000000,42,34
20241212133947,1,0,0,0,0,datasets/osm,,lipp,2893343,10000000,0.99,0,1,0,0,0,0,0,0,0,0,1866,100,0,0,0,0,0,0,64,200000000,42,34
20241212134028,0,0,0,0,1,datasets/osm,,lipp,60372372,20000000,0.99,0,1,0,0,0,0,0,0,0,0,1866,100,0,0,0,0,0,0,64,200000000,41,34
20241212134123,0,1,0,0,0,datasets/osm,,lipp,3323208,20000000,0.99,0,1,0,0,0,0,0,0,0,0,1866,100,0,0,0,0,0,0,64,200000000,41,34
20241212134312,1,0,0,0,0,datasets/osm,,lipp,1835579,20000000,0.99,0,1,0,0,0,0,0,0,0,0,1866,100,0,0,0,0,0,0,64,200000000,41,34
20241212134402,0,0,0,0,1,datasets/osm,,lipp,64819832,20000000,0.99,0,1,0,0,0,0,0,0,0,0,1866,100,0,0,0,0,0,0,64,200000000,42,34
20241212134611,0,1,0,0,0,datasets/osm,,lipp,1391904,20000000,0.99,0,1,0,0,0,0,0,0,0,0,1866,100,0,0,0,0,0,0,64,200000000,42,34
20241212134718,1,0,0,0,0,datasets/osm,,lipp,2981584,20000000,0.99,0,1,0,0,0,0,0,0,0,0,1866,100,0,0,0,0,0,0,64,200000000,42,34
20241212134828,0,0,0,0,1,datasets/osm,,lipp,34868999,50000000,0.99,0,1,0,0,0,0,0,0,0,0,1866,100,0,0,0,0,0,0,64,200000000,41,34
20241212134908,0,1,0,0,0,datasets/osm,,lipp,3757206,50000000,0.99,0,1,0,0,0,0,0,0,0,0,1866,100,0,0,0,0,0,0,64,200000000,41,34
20241212135054,1,0,0,0,0,datasets/osm,,lipp,1882600,50000000,0.99,0,1,0,0,0,0,0,0,0,0,1866,100,0,0,0,0,0,0,64,200000000,41,34
20241212135216,0,0,0,0,1,datasets/osm,,lipp,34960906,50000000,0.99,0,1,0,0,0,0,0,0,0,0,1866,100,0,0,0,0,0,0,64,200000000,42,34
20241212135400,0,1,0,0,0,datasets/osm,,lipp,1431079,50000000,0.99,0,1,0,0,0,0,0,0,0,0,1866,100,0,0,0,0,0,0,64,200000000,42,34
20241212135507,1,0,0,0,0,datasets/osm,,lipp,2986585,50000000,0.99,0,1,0,0,0,0,0,0,0,0,1866,100,0,0,0,0,0,0,64,200000000,42,34
20241212135654,0,0,0,0,1,datasets/osm,,lipp,36535462,100000000,0.99,0,1,0,0,0,0,0,0,0,0,1866,100,0,0,0,0,0,0,64,200000000,41,34
20241212135716,0,1,0,0,0,datasets/osm,,lipp,4609089,100000000,0.99,0,1,0,0,0,0,0,0,0,0,1866,100,0,0,0,0,0,0,64,200000000,41,34
20241212135845,1,0,0,0,0,datasets/osm,,lipp,2244864,100000000,0.99,0,1,0,0,0,0,0,0,0,0,1866,100,0,0,0,0,0,0,64,200000000,41,34
20241212140042,0,0,0,0,1,datasets/osm,,lipp,36642181,100000000,0.99,0,1,0,0,0,0,0,0,0,0,1866,100,0,0,0,0,0,0,64,200000000,42,34
20241212140145,0,1,0,0,0,datasets/osm,,lipp,1580686,100000000,0.99,0,1,0,0,0,0,0,0,0,0,1866,100,0,0,0,0,0,0,64,200000000,42,34
20241212140249,1,0,0,0,0,datasets/osm,,lipp,3119375,100000000,0.99,0,1,0,0,0,0,0,0,0,0,1866,100,0,0,0,0,0,0,64,200000000,42,34
