id,read_ratio,insert_ratio,update_ratio,scan_ratio,delete_ratio,key_path,backup_key_path,index_type,throughput,init_table_size,zipf_constant,memory_consumption,thread_num,min,50 percentile,90 percentile,99 percentile,99.9 percentile,99.99 percentile,max,avg,seed,scan_num,latency_variance,latency_sample,data_shift,pgm,error_bound,table_size,test_suite
20250113172553,0,1,0,0,0,datasets/linear,,alex,7383337,199000000,0.99,0,1,0,0,0,0,0,0,0,0,1866,100,0,0,0,0,64,200000000,21
20250113172609,1,0,0,0,0,datasets/linear,,alex,12715905,199000000,0.99,0,1,0,0,0,0,0,0,0,0,1866,100,0,0,0,0,64,200000000,21
20250113172703,0,1,0,0,0,datasets/linear,,alex,4898107,199000000,0.99,0,1,0,0,0,0,0,0,0,0,1866,100,0,0,0,0,64,200000000,22
20250113172720,1,0,0,0,0,datasets/linear,,alex,12018158,199000000,0.99,0,1,0,0,0,0,0,0,0,0,1866,100,0,0,0,0,64,200000000,22
20250113172815,0,1,0,0,0,datasets/linear,,alex,7886976,198000000,0.99,0,1,0,0,0,0,0,0,0,0,1866,100,0,0,0,0,64,200000000,21
20250113172831,1,0,0,0,0,datasets/linear,,alex,12700689,198000000,0.99,0,1,0,0,0,0,0,0,0,0,1866,100,0,0,0,0,64,200000000,21
20250113172925,0,1,0,0,0,datasets/linear,,alex,5223471,198000000,0.99,0,1,0,0,0,0,0,0,0,0,1866,100,0,0,0,0,64,200000000,22
20250113172941,1,0,0,0,0,datasets/linear,,alex,12720945,198000000,0.99,0,1,0,0,0,0,0,0,0,0,1866,100,0,0,0,0,64,200000000,22
20250113173042,0,1,0,0,0,datasets/linear,,alex,9780653,195000000,0.99,0,1,0,0,0,0,0,0,0,0,1866,100,0,0,0,0,64,200000000,21
20250113173059,1,0,0,0,0,datasets/linear,,alex,11965356,195000000,0.99,0,1,0,0,0,0,0,0,0,0,1866,100,0,0,0,0,64,200000000,21
20250113173200,0,1,0,0,0,datasets/linear,,alex,5311136,195000000,0.99,0,1,0,0,0,0,0,0,0,0,1866,100,0,0,0,0,64,200000000,22
20250113173215,1,0,0,0,0,datasets/linear,,alex,12734228,195000000,0.99,0,1,0,0,0,0,0,0,0,0,1866,100,0,0,0,0,64,200000000,22
20250113173315,0,1,0,0,0,datasets/linear,,alex,13903206,190000000,0.99,0,1,0,0,0,0,0,0,0,0,1866,100,0,0,0,0,64,200000000,21
20250113173331,1,0,0,0,0,datasets/linear,,alex,13017251,190000000,0.99,0,1,0,0,0,0,0,0,0,0,1866,100,0,0,0,0,64,200000000,21
20250113173431,0,1,0,0,0,datasets/linear,,alex,5409044,190000000,0.99,0,1,0,0,0,0,0,0,0,0,1866,100,0,0,0,0,64,200000000,22
20250113173446,1,0,0,0,0,datasets/linear,,alex,12916797,190000000,0.99,0,1,0,0,0,0,0,0,0,0,1866,100,0,0,0,0,64,200000000,22
20250113173541,0,1,0,0,0,datasets/linear,,alex,11914560,180000000,0.99,0,1,0,0,0,0,0,0,0,0,1866,100,0,0,0,0,64,200000000,21
20250113173555,1,0,0,0,0,datasets/linear,,alex,15023252,180000000,0.99,0,1,0,0,0,0,0,0,0,0,1866,100,0,0,0,0,64,200000000,21
20250113173650,0,1,0,0,0,datasets/linear,,alex,5817109,180000000,0.99,0,1,0,0,0,0,0,0,0,0,1866,100,0,0,0,0,64,200000000,22
20250113173703,1,0,0,0,0,datasets/linear,,alex,15132991,180000000,0.99,0,1,0,0,0,0,0,0,0,0,1866,100,0,0,0,0,64,200000000,22
20250113173802,0,1,0,0,0,datasets/linear,,alex,7365534,150000000,0.99,0,1,0,0,0,0,0,0,0,0,1866,100,0,0,0,0,64,200000000,21
20250113173816,1,0,0,0,0,datasets/linear,,alex,14745453,150000000,0.99,0,1,0,0,0,0,0,0,0,0,1866,100,0,0,0,0,64,200000000,21
20250113173916,0,1,0,0,0,datasets/linear,,alex,3763956,150000000,0.99,0,1,0,0,0,0,0,0,0,0,1866,100,0,0,0,0,64,200000000,22
20250113173930,1,0,0,0,0,datasets/linear,,alex,14874596,150000000,0.99,0,1,0,0,0,0,0,0,0,0,1866,100,0,0,0,0,64,200000000,22
20250113174348,0,1,0,0,0,datasets/linear,,alex,3433271,199000000,0.99,0,1,0,0,0,0,0,0,0,0,1866,100,0,0,0,0,64,200000000,41
20250113174403,1,0,0,0,0,datasets/linear,,alex,12956907,199000000,0.99,0,1,0,0,0,0,0,0,0,0,1866,100,0,0,0,0,64,200000000,41
20250113174440,0,1,0,0,0,datasets/linear,,alex,6033446,199000000,0.99,0,1,0,0,0,0,0,0,0,0,1866,100,0,0,0,0,64,200000000,42
20250113174456,1,0,0,0,0,datasets/linear,,alex,12989168,199000000,0.99,0,1,0,0,0,0,0,0,0,0,1866,100,0,0,0,0,64,200000000,42
20250113174533,0,1,0,0,0,datasets/linear,,alex,2154990,198000000,0.99,0,1,0,0,0,0,0,0,0,0,1866,100,0,0,0,0,64,200000000,41
20250113174548,1,0,0,0,0,datasets/linear,,alex,12941978,198000000,0.99,0,1,0,0,0,0,0,0,0,0,1866,100,0,0,0,0,64,200000000,41
20250113174625,0,1,0,0,0,datasets/linear,,alex,5839822,198000000,0.99,0,1,0,0,0,0,0,0,0,0,1866,100,0,0,0,0,64,200000000,42
20250113174641,1,0,0,0,0,datasets/linear,,alex,12961480,198000000,0.99,0,1,0,0,0,0,0,0,0,0,1866,100,0,0,0,0,64,200000000,42
20250113174720,0,1,0,0,0,datasets/linear,,alex,1874456,195000000,0.99,0,1,0,0,0,0,0,0,0,0,1866,100,0,0,0,0,64,200000000,41
20250113174735,1,0,0,0,0,datasets/linear,,alex,13008578,195000000,0.99,0,1,0,0,0,0,0,0,0,0,1866,100,0,0,0,0,64,200000000,41
20250113174813,0,1,0,0,0,datasets/linear,,alex,4487174,195000000,0.99,0,1,0,0,0,0,0,0,0,0,1866,100,0,0,0,0,64,200000000,42
20250113174828,1,0,0,0,0,datasets/linear,,alex,13025182,195000000,0.99,0,1,0,0,0,0,0,0,0,0,1866,100,0,0,0,0,64,200000000,42
20250113174908,0,1,0,0,0,datasets/linear,,alex,2653595,190000000,0.99,0,1,0,0,0,0,0,0,0,0,1866,100,0,0,0,0,64,200000000,41
20250113174923,1,0,0,0,0,datasets/linear,,alex,12985904,190000000,0.99,0,1,0,0,0,0,0,0,0,0,1866,100,0,0,0,0,64,200000000,41
20250113175002,0,1,0,0,0,datasets/linear,,alex,4461191,190000000,0.99,0,1,0,0,0,0,0,0,0,0,1866,100,0,0,0,0,64,200000000,42
20250113175018,1,0,0,0,0,datasets/linear,,alex,12993361,190000000,0.99,0,1,0,0,0,0,0,0,0,0,1866,100,0,0,0,0,64,200000000,42
20250113175055,0,1,0,0,0,datasets/linear,,alex,3344228,180000000,0.99,0,1,0,0,0,0,0,0,0,0,1866,100,0,0,0,0,64,200000000,41
20250113175109,1,0,0,0,0,datasets/linear,,alex,14596496,180000000,0.99,0,1,0,0,0,0,0,0,0,0,1866,100,0,0,0,0,64,200000000,41
20250113175145,0,1,0,0,0,datasets/linear,,alex,4515554,180000000,0.99,0,1,0,0,0,0,0,0,0,0,1866,100,0,0,0,0,64,200000000,42
20250113175159,1,0,0,0,0,datasets/linear,,alex,14658136,180000000,0.99,0,1,0,0,0,0,0,0,0,0,1866,100,0,0,0,0,64,200000000,42
20250113175243,0,1,0,0,0,datasets/linear,,alex,3649831,150000000,0.99,0,1,0,0,0,0,0,0,0,0,1866,100,0,0,0,0,64,200000000,41
20250113175257,1,0,0,0,0,datasets/linear,,alex,14579302,150000000,0.99,0,1,0,0,0,0,0,0,0,0,1866,100,0,0,0,0,64,200000000,41
20250113175341,0,1,0,0,0,datasets/linear,,alex,4063309,150000000,0.99,0,1,0,0,0,0,0,0,0,0,1866,100,0,0,0,0,64,200000000,42
20250113175355,1,0,0,0,0,datasets/linear,,alex,14561480,150000000,0.99,0,1,0,0,0,0,0,0,0,0,1866,100,0,0,0,0,64,200000000,42
20250113180310,0,1,0,0,0,datasets/covid,,alex,5426995,199000000,0.99,0,1,0,0,0,0,0,0,0,0,1866,100,0,0,0,0,64,200000000,21
20250113180333,1,0,0,0,0,datasets/covid,,alex,8617576,199000000,0.99,0,1,0,0,0,0,0,0,0,0,1866,100,0,0,0,0,64,200000000,21
20250113180528,0,1,0,0,0,datasets/covid,,alex,3211428,199000000,0.99,0,1,0,0,0,0,0,0,0,0,1866,100,0,0,0,0,64,200000000,22
20250113180552,1,0,0,0,0,datasets/covid,,alex,8503007,199000000,0.99,0,1,0,0,0,0,0,0,0,0,1866,100,0,0,0,0,64,200000000,22
20250113180747,0,1,0,0,0,datasets/covid,,alex,5765584,198000000,0.99,0,1,0,0,0,0,0,0,0,0,1866,100,0,0,0,0,64,200000000,21
20250113180810,1,0,0,0,0,datasets/covid,,alex,8656189,198000000,0.99,0,1,0,0,0,0,0,0,0,0,1866,100,0,0,0,0,64,200000000,21
20250113181005,0,1,0,0,0,datasets/covid,,alex,3342656,198000000,0.99,0,1,0,0,0,0,0,0,0,0,1866,100,0,0,0,0,64,200000000,22
20250113181029,1,0,0,0,0,datasets/covid,,alex,8672195,198000000,0.99,0,1,0,0,0,0,0,0,0,0,1866,100,0,0,0,0,64,200000000,22
20250113181217,0,1,0,0,0,datasets/covid,,alex,7261623,195000000,0.99,0,1,0,0,0,0,0,0,0,0,1866,100,0,0,0,0,64,200000000,21
20250113181241,1,0,0,0,0,datasets/covid,,alex,8624285,195000000,0.99,0,1,0,0,0,0,0,0,0,0,1866,100,0,0,0,0,64,200000000,21
20250113181430,0,1,0,0,0,datasets/covid,,alex,3385742,195000000,0.99,0,1,0,0,0,0,0,0,0,0,1866,100,0,0,0,0,64,200000000,22
20250113181453,1,0,0,0,0,datasets/covid,,alex,8622101,195000000,0.99,0,1,0,0,0,0,0,0,0,0,1866,100,0,0,0,0,64,200000000,22
20250113181642,0,1,0,0,0,datasets/covid,,alex,8764167,190000000,0.99,0,1,0,0,0,0,0,0,0,0,1866,100,0,0,0,0,64,200000000,21
20250113181705,1,0,0,0,0,datasets/covid,,alex,8617478,190000000,0.99,0,1,0,0,0,0,0,0,0,0,1866,100,0,0,0,0,64,200000000,21
20250113181854,0,1,0,0,0,datasets/covid,,alex,3376337,190000000,0.99,0,1,0,0,0,0,0,0,0,0,1866,100,0,0,0,0,64,200000000,22
20250113181918,1,0,0,0,0,datasets/covid,,alex,8588034,190000000,0.99,0,1,0,0,0,0,0,0,0,0,1866,100,0,0,0,0,64,200000000,22
20250113182104,0,1,0,0,0,datasets/covid,,alex,9917720,180000000,0.99,0,1,0,0,0,0,0,0,0,0,1866,100,0,0,0,0,64,200000000,21
20250113182129,1,0,0,0,0,datasets/covid,,alex,8159950,180000000,0.99,0,1,0,0,0,0,0,0,0,0,1866,100,0,0,0,0,64,200000000,21
20250113182318,0,1,0,0,0,datasets/covid,,alex,3265292,180000000,0.99,0,1,0,0,0,0,0,0,0,0,1866,100,0,0,0,0,64,200000000,22
20250113182342,1,0,0,0,0,datasets/covid,,alex,8270617,180000000,0.99,0,1,0,0,0,0,0,0,0,0,1866,100,0,0,0,0,64,200000000,22
20250113182531,0,1,0,0,0,datasets/covid,,alex,4224812,150000000,0.99,0,1,0,0,0,0,0,0,0,0,1866,100,0,0,0,0,64,200000000,21
20250113182559,1,0,0,0,0,datasets/covid,,alex,7142952,150000000,0.99,0,1,0,0,0,0,0,0,0,0,1866,100,0,0,0,0,64,200000000,21
20250113182749,0,1,0,0,0,datasets/covid,,alex,2868176,150000000,0.99,0,1,0,0,0,0,0,0,0,0,1866,100,0,0,0,0,64,200000000,22
20250113182812,1,0,0,0,0,datasets/covid,,alex,8682813,150000000,0.99,0,1,0,0,0,0,0,0,0,0,1866,100,0,0,0,0,64,200000000,22
20250113183444,0,1,0,0,0,datasets/covid,,alex,6625480,199000000,0.99,0,1,0,0,0,0,0,0,0,0,1866,100,0,0,0,0,64,200000000,41
20250113183509,1,0,0,0,0,datasets/covid,,alex,8060008,199000000,0.99,0,1,0,0,0,0,0,0,0,0,1866,100,0,0,0,0,64,200000000,41
20250113183641,0,1,0,0,0,datasets/covid,,alex,3832625,199000000,0.99,0,1,0,0,0,0,0,0,0,0,1866,100,0,0,0,0,64,200000000,42
20250113183705,1,0,0,0,0,datasets/covid,,alex,8419309,199000000,0.99,0,1,0,0,0,0,0,0,0,0,1866,100,0,0,0,0,64,200000000,42
20250113183838,0,1,0,0,0,datasets/covid,,alex,5463414,198000000,0.99,0,1,0,0,0,0,0,0,0,0,1866,100,0,0,0,0,64,200000000,41
20250113183903,1,0,0,0,0,datasets/covid,,alex,8065474,198000000,0.99,0,1,0,0,0,0,0,0,0,0,1866,100,0,0,0,0,64,200000000,41
20250113184035,0,1,0,0,0,datasets/covid,,alex,3603330,198000000,0.99,0,1,0,0,0,0,0,0,0,0,1866,100,0,0,0,0,64,200000000,42
20250113184059,1,0,0,0,0,datasets/covid,,alex,8456544,198000000,0.99,0,1,0,0,0,0,0,0,0,0,1866,100,0,0,0,0,64,200000000,42
20250113184231,0,1,0,0,0,datasets/covid,,alex,6226878,195000000,0.99,0,1,0,0,0,0,0,0,0,0,1866,100,0,0,0,0,64,200000000,41
20250113184256,1,0,0,0,0,datasets/covid,,alex,7861481,195000000,0.99,0,1,0,0,0,0,0,0,0,0,1866,100,0,0,0,0,64,200000000,41
20250113184429,0,1,0,0,0,datasets/covid,,alex,3617118,195000000,0.99,0,1,0,0,0,0,0,0,0,0,1866,100,0,0,0,0,64,200000000,42
20250113184453,1,0,0,0,0,datasets/covid,,alex,8461641,195000000,0.99,0,1,0,0,0,0,0,0,0,0,1866,100,0,0,0,0,64,200000000,42
20250113184624,0,1,0,0,0,datasets/covid,,alex,5930484,190000000,0.99,0,1,0,0,0,0,0,0,0,0,1866,100,0,0,0,0,64,200000000,41
20250113184648,1,0,0,0,0,datasets/covid,,alex,8347162,190000000,0.99,0,1,0,0,0,0,0,0,0,0,1866,100,0,0,0,0,64,200000000,41
20250113184821,0,1,0,0,0,datasets/covid,,alex,3521039,190000000,0.99,0,1,0,0,0,0,0,0,0,0,1866,100,0,0,0,0,64,200000000,42
20250113184845,1,0,0,0,0,datasets/covid,,alex,8493679,190000000,0.99,0,1,0,0,0,0,0,0,0,0,1866,100,0,0,0,0,64,200000000,42
20250113185014,0,1,0,0,0,datasets/covid,,alex,6185967,180000000,0.99,0,1,0,0,0,0,0,0,0,0,1866,100,0,0,0,0,64,200000000,41
20250113185039,1,0,0,0,0,datasets/covid,,alex,7951706,180000000,0.99,0,1,0,0,0,0,0,0,0,0,1866,100,0,0,0,0,64,200000000,41
20250113185211,0,1,0,0,0,datasets/covid,,alex,3341355,180000000,0.99,0,1,0,0,0,0,0,0,0,0,1866,100,0,0,0,0,64,200000000,42
20250113185235,1,0,0,0,0,datasets/covid,,alex,8443234,180000000,0.99,0,1,0,0,0,0,0,0,0,0,1866,100,0,0,0,0,64,200000000,42
20250113185401,0,1,0,0,0,datasets/covid,,alex,6096448,150000000,0.99,0,1,0,0,0,0,0,0,0,0,1866,100,0,0,0,0,64,200000000,41
20250113185426,1,0,0,0,0,datasets/covid,,alex,8122841,150000000,0.99,0,1,0,0,0,0,0,0,0,0,1866,100,0,0,0,0,64,200000000,41
20250113185602,0,1,0,0,0,datasets/covid,,alex,2905633,150000000,0.99,0,1,0,0,0,0,0,0,0,0,1866,100,0,0,0,0,64,200000000,42
20250113185627,1,0,0,0,0,datasets/covid,,alex,8293649,150000000,0.99,0,1,0,0,0,0,0,0,0,0,1866,100,0,0,0,0,64,200000000,42
20250113191042,0,1,0,0,0,datasets/fb-1,,alex,235051,199000000,0.99,0,1,0,0,0,0,0,0,0,0,1866,100,0,0,0,0,64,200000000,21
20250113191231,1,0,0,0,0,datasets/fb-1,,alex,1827574,199000000,0.99,0,1,0,0,0,0,0,0,0,0,1866,100,0,0,0,0,64,200000000,21
20250113191454,0,1,0,0,0,datasets/fb-1,,alex,203408,199000000,0.99,0,1,0,0,0,0,0,0,0,0,1866,100,0,0,0,0,64,200000000,22
20250113191643,1,0,0,0,0,datasets/fb-1,,alex,1828992,199000000,0.99,0,1,0,0,0,0,0,0,0,0,1866,100,0,0,0,0,64,200000000,22
20250113191905,0,1,0,0,0,datasets/fb-1,,alex,435165,198000000,0.99,0,1,0,0,0,0,0,0,0,0,1866,100,0,0,0,0,64,200000000,21
20250113192055,1,0,0,0,0,datasets/fb-1,,alex,1814187,198000000,0.99,0,1,0,0,0,0,0,0,0,0,1866,100,0,0,0,0,64,200000000,21
20250113192318,0,1,0,0,0,datasets/fb-1,,alex,337269,198000000,0.99,0,1,0,0,0,0,0,0,0,0,1866,100,0,0,0,0,64,200000000,22
20250113192508,1,0,0,0,0,datasets/fb-1,,alex,1816401,198000000,0.99,0,1,0,0,0,0,0,0,0,0,1866,100,0,0,0,0,64,200000000,22
20250113192730,0,1,0,0,0,datasets/fb-1,,alex,1009126,195000000,0.99,0,1,0,0,0,0,0,0,0,0,1866,100,0,0,0,0,64,200000000,21
20250113192920,1,0,0,0,0,datasets/fb-1,,alex,1812260,195000000,0.99,0,1,0,0,0,0,0,0,0,0,1866,100,0,0,0,0,64,200000000,21
20250113193144,0,1,0,0,0,datasets/fb-1,,alex,595211,195000000,0.99,0,1,0,0,0,0,0,0,0,0,1866,100,0,0,0,0,64,200000000,22
20250113193335,1,0,0,0,0,datasets/fb-1,,alex,1808051,195000000,0.99,0,1,0,0,0,0,0,0,0,0,1866,100,0,0,0,0,64,200000000,22
20250113193611,0,1,0,0,0,datasets/fb-1,,alex,2063611,190000000,0.99,0,1,0,0,0,0,0,0,0,0,1866,100,0,0,0,0,64,200000000,21
20250113193802,1,0,0,0,0,datasets/fb-1,,alex,1802759,190000000,0.99,0,1,0,0,0,0,0,0,0,0,1866,100,0,0,0,0,64,200000000,21
20250113194044,0,1,0,0,0,datasets/fb-1,,alex,853555,190000000,0.99,0,1,0,0,0,0,0,0,0,0,1866,100,0,0,0,0,64,200000000,22
20250113194235,1,0,0,0,0,datasets/fb-1,,alex,1798343,190000000,0.99,0,1,0,0,0,0,0,0,0,0,1866,100,0,0,0,0,64,200000000,22
20250113194453,0,1,0,0,0,datasets/fb-1,,alex,2530096,180000000,0.99,0,1,0,0,0,0,0,0,0,0,1866,100,0,0,0,0,64,200000000,21
20250113194644,1,0,0,0,0,datasets/fb-1,,alex,1791413,180000000,0.99,0,1,0,0,0,0,0,0,0,0,1866,100,0,0,0,0,64,200000000,21
20250113194913,0,1,0,0,0,datasets/fb-1,,alex,891632,180000000,0.99,0,1,0,0,0,0,0,0,0,0,1866,100,0,0,0,0,64,200000000,22
20250113195104,1,0,0,0,0,datasets/fb-1,,alex,1801587,180000000,0.99,0,1,0,0,0,0,0,0,0,0,1866,100,0,0,0,0,64,200000000,22
20250113195322,0,1,0,0,0,datasets/fb-1,,alex,3838222,150000000,0.99,0,1,0,0,0,0,0,0,0,0,1866,100,0,0,0,0,64,200000000,21
20250113195509,1,0,0,0,0,datasets/fb-1,,alex,1864228,150000000,0.99,0,1,0,0,0,0,0,0,0,0,1866,100,0,0,0,0,64,200000000,21
20250113195756,0,1,0,0,0,datasets/fb-1,,alex,1061235,150000000,0.99,0,1,0,0,0,0,0,0,0,0,1866,100,0,0,0,0,64,200000000,22
20250113195943,1,0,0,0,0,datasets/fb-1,,alex,1862646,150000000,0.99,0,1,0,0,0,0,0,0,0,0,1866,100,0,0,0,0,64,200000000,22
20250113200940,0,1,0,0,0,datasets/fb-1,,alex,5519349,199000000,0.99,0,1,0,0,0,0,0,0,0,0,1866,100,0,0,0,0,64,200000000,41
20250113201124,1,0,0,0,0,datasets/fb-1,,alex,1925796,199000000,0.99,0,1,0,0,0,0,0,0,0,0,1866,100,0,0,0,0,64,200000000,41
20250113201314,0,1,0,0,0,datasets/fb-1,,alex,40151,199000000,0.99,0,1,0,0,0,0,0,0,0,0,1866,100,0,0,0,0,64,200000000,42
20250113201454,1,0,0,0,0,datasets/fb-1,,alex,2008104,199000000,0.99,0,1,0,0,0,0,0,0,0,0,1866,100,0,0,0,0,64,200000000,42
20250113201633,0,1,0,0,0,datasets/fb-1,,alex,5655048,198000000,0.99,0,1,0,0,0,0,0,0,0,0,1866,100,0,0,0,0,64,200000000,41
20250113201816,1,0,0,0,0,datasets/fb-1,,alex,1926560,198000000,0.99,0,1,0,0,0,0,0,0,0,0,1866,100,0,0,0,0,64,200000000,41
20250113201954,0,1,0,0,0,datasets/fb-1,,alex,152385,198000000,0.99,0,1,0,0,0,0,0,0,0,0,1866,100,0,0,0,0,64,200000000,42
20250113202134,1,0,0,0,0,datasets/fb-1,,alex,2011302,198000000,0.99,0,1,0,0,0,0,0,0,0,0,1866,100,0,0,0,0,64,200000000,42
20250113202304,0,1,0,0,0,datasets/fb-1,,alex,5922805,195000000,0.99,0,1,0,0,0,0,0,0,0,0,1866,100,0,0,0,0,64,200000000,41
20250113202448,1,0,0,0,0,datasets/fb-1,,alex,1926237,195000000,0.99,0,1,0,0,0,0,0,0,0,0,1866,100,0,0,0,0,64,200000000,41
20250113202614,0,1,0,0,0,datasets/fb-1,,alex,2101929,195000000,0.99,0,1,0,0,0,0,0,0,0,0,1866,100,0,0,0,0,64,200000000,42
20250113202758,1,0,0,0,0,datasets/fb-1,,alex,1911739,195000000,0.99,0,1,0,0,0,0,0,0,0,0,1866,100,0,0,0,0,64,200000000,42
20250113202921,0,1,0,0,0,datasets/fb-1,,alex,5976188,190000000,0.99,0,1,0,0,0,0,0,0,0,0,1866,100,0,0,0,0,64,200000000,41
20250113203105,1,0,0,0,0,datasets/fb-1,,alex,1923021,190000000,0.99,0,1,0,0,0,0,0,0,0,0,1866,100,0,0,0,0,64,200000000,41
20250113203231,0,1,0,0,0,datasets/fb-1,,alex,1807266,190000000,0.99,0,1,0,0,0,0,0,0,0,0,1866,100,0,0,0,0,64,200000000,42
20250113203414,1,0,0,0,0,datasets/fb-1,,alex,1941781,190000000,0.99,0,1,0,0,0,0,0,0,0,0,1866,100,0,0,0,0,64,200000000,42
20250113203532,0,1,0,0,0,datasets/fb-1,,alex,5982519,180000000,0.99,0,1,0,0,0,0,0,0,0,0,1866,100,0,0,0,0,64,200000000,41
20250113203716,1,0,0,0,0,datasets/fb-1,,alex,1927886,180000000,0.99,0,1,0,0,0,0,0,0,0,0,1866,100,0,0,0,0,64,200000000,41
20250113203845,0,1,0,0,0,datasets/fb-1,,alex,1597338,180000000,0.99,0,1,0,0,0,0,0,0,0,0,1866,100,0,0,0,0,64,200000000,42
20250113204027,1,0,0,0,0,datasets/fb-1,,alex,1951551,180000000,0.99,0,1,0,0,0,0,0,0,0,0,1866,100,0,0,0,0,64,200000000,42
20250113204143,0,1,0,0,0,datasets/fb-1,,alex,5978735,150000000,0.99,0,1,0,0,0,0,0,0,0,0,1866,100,0,0,0,0,64,200000000,41
20250113204327,1,0,0,0,0,datasets/fb-1,,alex,1933585,150000000,0.99,0,1,0,0,0,0,0,0,0,0,1866,100,0,0,0,0,64,200000000,41
20250113204524,0,1,0,0,0,datasets/fb-1,,alex,1041732,150000000,0.99,0,1,0,0,0,0,0,0,0,0,1866,100,0,0,0,0,64,200000000,42
20250113204704,1,0,0,0,0,datasets/fb-1,,alex,1986053,150000000,0.99,0,1,0,0,0,0,0,0,0,0,1866,100,0,0,0,0,64,200000000,42
20250113210320,0,1,0,0,0,datasets/osm,,alex,884137,199000000,0.99,0,1,0,0,0,0,0,0,0,0,1866,100,0,0,0,0,64,200000000,21
20250113210432,1,0,0,0,0,datasets/osm,,alex,2781787,199000000,0.99,0,1,0,0,0,0,0,0,0,0,1866,100,0,0,0,0,64,200000000,21
20250113210639,0,1,0,0,0,datasets/osm,,alex,629958,199000000,0.99,0,1,0,0,0,0,0,0,0,0,1866,100,0,0,0,0,64,200000000,22
20250113210750,1,0,0,0,0,datasets/osm,,alex,2820867,199000000,0.99,0,1,0,0,0,0,0,0,0,0,1866,100,0,0,0,0,64,200000000,22
20250113210957,0,1,0,0,0,datasets/osm,,alex,1542612,198000000,0.99,0,1,0,0,0,0,0,0,0,0,1866,100,0,0,0,0,64,200000000,21
20250113211108,1,0,0,0,0,datasets/osm,,alex,2825082,198000000,0.99,0,1,0,0,0,0,0,0,0,0,1866,100,0,0,0,0,64,200000000,21
20250113211315,0,1,0,0,0,datasets/osm,,alex,881245,198000000,0.99,0,1,0,0,0,0,0,0,0,0,1866,100,0,0,0,0,64,200000000,22
20250113211426,1,0,0,0,0,datasets/osm,,alex,2820464,198000000,0.99,0,1,0,0,0,0,0,0,0,0,1866,100,0,0,0,0,64,200000000,22
20250113211632,0,1,0,0,0,datasets/osm,,alex,2911950,195000000,0.99,0,1,0,0,0,0,0,0,0,0,1866,100,0,0,0,0,64,200000000,21
20250113211742,1,0,0,0,0,datasets/osm,,alex,2829776,195000000,0.99,0,1,0,0,0,0,0,0,0,0,1866,100,0,0,0,0,64,200000000,21
20250113211950,0,1,0,0,0,datasets/osm,,alex,1152543,195000000,0.99,0,1,0,0,0,0,0,0,0,0,1866,100,0,0,0,0,64,200000000,22
20250113212101,1,0,0,0,0,datasets/osm,,alex,2827418,195000000,0.99,0,1,0,0,0,0,0,0,0,0,1866,100,0,0,0,0,64,200000000,22
20250113212305,0,1,0,0,0,datasets/osm,,alex,4213121,190000000,0.99,0,1,0,0,0,0,0,0,0,0,1866,100,0,0,0,0,64,200000000,21
20250113212416,1,0,0,0,0,datasets/osm,,alex,2812600,190000000,0.99,0,1,0,0,0,0,0,0,0,0,1866,100,0,0,0,0,64,200000000,21
20250113212625,0,1,0,0,0,datasets/osm,,alex,1263143,190000000,0.99,0,1,0,0,0,0,0,0,0,0,1866,100,0,0,0,0,64,200000000,22
20250113212736,1,0,0,0,0,datasets/osm,,alex,2815193,190000000,0.99,0,1,0,0,0,0,0,0,0,0,1866,100,0,0,0,0,64,200000000,22
20250113212938,0,1,0,0,0,datasets/osm,,alex,5052690,180000000,0.99,0,1,0,0,0,0,0,0,0,0,1866,100,0,0,0,0,64,200000000,21
20250113213050,1,0,0,0,0,datasets/osm,,alex,2777482,180000000,0.99,0,1,0,0,0,0,0,0,0,0,1866,100,0,0,0,0,64,200000000,21
20250113213301,0,1,0,0,0,datasets/osm,,alex,1308469,180000000,0.99,0,1,0,0,0,0,0,0,0,0,1866,100,0,0,0,0,64,200000000,22
20250113213412,1,0,0,0,0,datasets/osm,,alex,2797605,180000000,0.99,0,1,0,0,0,0,0,0,0,0,1866,100,0,0,0,0,64,200000000,22
20250113213609,0,1,0,0,0,datasets/osm,,alex,4703816,150000000,0.99,0,1,0,0,0,0,0,0,0,0,1866,100,0,0,0,0,64,200000000,21
20250113213722,1,0,0,0,0,datasets/osm,,alex,2734136,150000000,0.99,0,1,0,0,0,0,0,0,0,0,1866,100,0,0,0,0,64,200000000,21
20250113213939,0,1,0,0,0,datasets/osm,,alex,1346041,150000000,0.99,0,1,0,0,0,0,0,0,0,0,1866,100,0,0,0,0,64,200000000,22
20250113214050,1,0,0,0,0,datasets/osm,,alex,2847908,150000000,0.99,0,1,0,0,0,0,0,0,0,0,1866,100,0,0,0,0,64,200000000,22
20250113214925,0,1,0,0,0,datasets/osm,,alex,5848027,199000000,0.99,0,1,0,0,0,0,0,0,0,0,1866,100,0,0,0,0,64,200000000,41
20250113215046,1,0,0,0,0,datasets/osm,,alex,2473258,199000000,0.99,0,1,0,0,0,0,0,0,0,0,1866,100,0,0,0,0,64,200000000,41
20250113215234,0,1,0,0,0,datasets/osm,,alex,3393207,199000000,0.99,0,1,0,0,0,0,0,0,0,0,1866,100,0,0,0,0,64,200000000,42
20250113215355,1,0,0,0,0,datasets/osm,,alex,2486569,199000000,0.99,0,1,0,0,0,0,0,0,0,0,1866,100,0,0,0,0,64,200000000,42
20250113215542,0,1,0,0,0,datasets/osm,,alex,5631045,198000000,0.99,0,1,0,0,0,0,0,0,0,0,1866,100,0,0,0,0,64,200000000,41
20250113215703,1,0,0,0,0,datasets/osm,,alex,2487969,198000000,0.99,0,1,0,0,0,0,0,0,0,0,1866,100,0,0,0,0,64,200000000,41
20250113215850,0,1,0,0,0,datasets/osm,,alex,3004271,198000000,0.99,0,1,0,0,0,0,0,0,0,0,1866,100,0,0,0,0,64,200000000,42
20250113220010,1,0,0,0,0,datasets/osm,,alex,2494111,198000000,0.99,0,1,0,0,0,0,0,0,0,0,1866,100,0,0,0,0,64,200000000,42
20250113220157,0,1,0,0,0,datasets/osm,,alex,5824096,195000000,0.99,0,1,0,0,0,0,0,0,0,0,1866,100,0,0,0,0,64,200000000,41
20250113220317,1,0,0,0,0,datasets/osm,,alex,2490230,195000000,0.99,0,1,0,0,0,0,0,0,0,0,1866,100,0,0,0,0,64,200000000,41
20250113220506,0,1,0,0,0,datasets/osm,,alex,2283221,195000000,0.99,0,1,0,0,0,0,0,0,0,0,1866,100,0,0,0,0,64,200000000,42
20250113220627,1,0,0,0,0,datasets/osm,,alex,2458434,195000000,0.99,0,1,0,0,0,0,0,0,0,0,1866,100,0,0,0,0,64,200000000,42
20250113220812,0,1,0,0,0,datasets/osm,,alex,6073263,190000000,0.99,0,1,0,0,0,0,0,0,0,0,1866,100,0,0,0,0,64,200000000,41
20250113220933,1,0,0,0,0,datasets/osm,,alex,2469760,190000000,0.99,0,1,0,0,0,0,0,0,0,0,1866,100,0,0,0,0,64,200000000,41
20250113221122,0,1,0,0,0,datasets/osm,,alex,2062531,190000000,0.99,0,1,0,0,0,0,0,0,0,0,1866,100,0,0,0,0,64,200000000,42
20250113221241,1,0,0,0,0,datasets/osm,,alex,2520644,190000000,0.99,0,1,0,0,0,0,0,0,0,0,1866,100,0,0,0,0,64,200000000,42
20250113221425,0,1,0,0,0,datasets/osm,,alex,6042553,180000000,0.99,0,1,0,0,0,0,0,0,0,0,1866,100,0,0,0,0,64,200000000,41
20250113221547,1,0,0,0,0,datasets/osm,,alex,2412398,180000000,0.99,0,1,0,0,0,0,0,0,0,0,1866,100,0,0,0,0,64,200000000,41
20250113221738,0,1,0,0,0,datasets/osm,,alex,1902720,180000000,0.99,0,1,0,0,0,0,0,0,0,0,1866,100,0,0,0,0,64,200000000,42
20250113221857,1,0,0,0,0,datasets/osm,,alex,2531652,180000000,0.99,0,1,0,0,0,0,0,0,0,0,1866,100,0,0,0,0,64,200000000,42
20250113222033,0,1,0,0,0,datasets/osm,,alex,6130463,150000000,0.99,0,1,0,0,0,0,0,0,0,0,1866,100,0,0,0,0,64,200000000,41
20250113222205,1,0,0,0,0,datasets/osm,,alex,2169178,150000000,0.99,0,1,0,0,0,0,0,0,0,0,1866,100,0,0,0,0,64,200000000,41
20250113222403,0,1,0,0,0,datasets/osm,,alex,1668980,150000000,0.99,0,1,0,0,0,0,0,0,0,0,1866,100,0,0,0,0,64,200000000,42
20250113222520,1,0,0,0,0,datasets/osm,,alex,2610209,150000000,0.99,0,1,0,0,0,0,0,0,0,0,1866,100,0,0,0,0,64,200000000,42
20250113223443,0,1,0,0,0,datasets/linear,,lipp,16743103,199000000,0.99,0,1,0,0,0,0,0,0,0,0,1866,100,0,0,0,0,64,200000000,21
20250113223455,1,0,0,0,0,datasets/linear,,lipp,15961147,199000000,0.99,0,1,0,0,0,0,0,0,0,0,1866,100,0,0,0,0,64,200000000,21
20250113223544,0,1,0,0,0,datasets/linear,,lipp,12646090,199000000,0.99,0,1,0,0,0,0,0,0,0,0,1866,100,0,0,0,0,64,200000000,22
20250113223557,1,0,0,0,0,datasets/linear,,lipp,16020378,199000000,0.99,0,1,0,0,0,0,0,0,0,0,1866,100,0,0,0,0,64,200000000,22
20250113223646,0,1,0,0,0,datasets/linear,,lipp,18653542,198000000,0.99,0,1,0,0,0,0,0,0,0,0,1866,100,0,0,0,0,64,200000000,21
20250113223659,1,0,0,0,0,datasets/linear,,lipp,15988158,198000000,0.99,0,1,0,0,0,0,0,0,0,0,1866,100,0,0,0,0,64,200000000,21
20250113223748,0,1,0,0,0,datasets/linear,,lipp,13222253,198000000,0.99,0,1,0,0,0,0,0,0,0,0,1866,100,0,0,0,0,64,200000000,22
20250113223800,1,0,0,0,0,datasets/linear,,lipp,16073150,198000000,0.99,0,1,0,0,0,0,0,0,0,0,1866,100,0,0,0,0,64,200000000,22
20250113223850,0,1,0,0,0,datasets/linear,,lipp,22158841,195000000,0.99,0,1,0,0,0,0,0,0,0,0,1866,100,0,0,0,0,64,200000000,21
20250113223902,1,0,0,0,0,datasets/linear,,lipp,16125508,195000000,0.99,0,1,0,0,0,0,0,0,0,0,1866,100,0,0,0,0,64,200000000,21
20250113223951,0,1,0,0,0,datasets/linear,,lipp,13564484,195000000,0.99,0,1,0,0,0,0,0,0,0,0,1866,100,0,0,0,0,64,200000000,22
20250113224003,1,0,0,0,0,datasets/linear,,lipp,16114855,195000000,0.99,0,1,0,0,0,0,0,0,0,0,1866,100,0,0,0,0,64,200000000,22
20250113224052,0,1,0,0,0,datasets/linear,,lipp,23946930,190000000,0.99,0,1,0,0,0,0,0,0,0,0,1866,100,0,0,0,0,64,200000000,21
20250113224105,1,0,0,0,0,datasets/linear,,lipp,16284348,190000000,0.99,0,1,0,0,0,0,0,0,0,0,1866,100,0,0,0,0,64,200000000,21
20250113224154,0,1,0,0,0,datasets/linear,,lipp,9942291,190000000,0.99,0,1,0,0,0,0,0,0,0,0,1866,100,0,0,0,0,64,200000000,22
20250113224208,1,0,0,0,0,datasets/linear,,lipp,14147154,190000000,0.99,0,1,0,0,0,0,0,0,0,0,1866,100,0,0,0,0,64,200000000,22
20250113224257,0,1,0,0,0,datasets/linear,,lipp,29206162,180000000,0.99,0,1,0,0,0,0,0,0,0,0,1866,100,0,0,0,0,64,200000000,21
20250113224309,1,0,0,0,0,datasets/linear,,lipp,16341335,180000000,0.99,0,1,0,0,0,0,0,0,0,0,1866,100,0,0,0,0,64,200000000,21
20250113224357,0,1,0,0,0,datasets/linear,,lipp,14113333,180000000,0.99,0,1,0,0,0,0,0,0,0,0,1866,100,0,0,0,0,64,200000000,22
20250113224409,1,0,0,0,0,datasets/linear,,lipp,16560389,180000000,0.99,0,1,0,0,0,0,0,0,0,0,1866,100,0,0,0,0,64,200000000,22
20250113224459,0,1,0,0,0,datasets/linear,,lipp,52057218,150000000,0.99,0,1,0,0,0,0,0,0,0,0,1866,100,0,0,0,0,64,200000000,21
20250113224510,1,0,0,0,0,datasets/linear,,lipp,17226085,150000000,0.99,0,1,0,0,0,0,0,0,0,0,1866,100,0,0,0,0,64,200000000,21
20250113224557,0,1,0,0,0,datasets/linear,,lipp,14475321,150000000,0.99,0,1,0,0,0,0,0,0,0,0,1866,100,0,0,0,0,64,200000000,22
20250113224609,1,0,0,0,0,datasets/linear,,lipp,17353674,150000000,0.99,0,1,0,0,0,0,0,0,0,0,1866,100,0,0,0,0,64,200000000,22
20250113224837,0,1,0,0,0,datasets/linear,,lipp,1782815,199000000,0.99,0,1,0,0,0,0,0,0,0,0,1866,100,0,0,0,0,64,200000000,41
20250113224850,1,0,0,0,0,datasets/linear,,lipp,15874996,199000000,0.99,0,1,0,0,0,0,0,0,0,0,1866,100,0,0,0,0,64,200000000,41
20250113224922,0,1,0,0,0,datasets/linear,,lipp,9033717,199000000,0.99,0,1,0,0,0,0,0,0,0,0,1866,100,0,0,0,0,64,200000000,42
20250113224935,1,0,0,0,0,datasets/linear,,lipp,15461729,199000000,0.99,0,1,0,0,0,0,0,0,0,0,1866,100,0,0,0,0,64,200000000,42
20250113225008,0,1,0,0,0,datasets/linear,,lipp,1674426,198000000,0.99,0,1,0,0,0,0,0,0,0,0,1866,100,0,0,0,0,64,200000000,41
20250113225021,1,0,0,0,0,datasets/linear,,lipp,15766707,198000000,0.99,0,1,0,0,0,0,0,0,0,0,1866,100,0,0,0,0,64,200000000,41
20250113225054,0,1,0,0,0,datasets/linear,,lipp,7871045,198000000,0.99,0,1,0,0,0,0,0,0,0,0,1866,100,0,0,0,0,64,200000000,42
20250113225106,1,0,0,0,0,datasets/linear,,lipp,15906638,198000000,0.99,0,1,0,0,0,0,0,0,0,0,1866,100,0,0,0,0,64,200000000,42
20250113225141,0,1,0,0,0,datasets/linear,,lipp,1544374,195000000,0.99,0,1,0,0,0,0,0,0,0,0,1866,100,0,0,0,0,64,200000000,41
20250113225154,1,0,0,0,0,datasets/linear,,lipp,15534110,195000000,0.99,0,1,0,0,0,0,0,0,0,0,1866,100,0,0,0,0,64,200000000,41
20250113225227,0,1,0,0,0,datasets/linear,,lipp,5366950,195000000,0.99,0,1,0,0,0,0,0,0,0,0,1866,100,0,0,0,0,64,200000000,42
20250113225241,1,0,0,0,0,datasets/linear,,lipp,14449184,195000000,0.99,0,1,0,0,0,0,0,0,0,0,1866,100,0,0,0,0,64,200000000,42
20250113225321,0,1,0,0,0,datasets/linear,,lipp,1460058,190000000,0.99,0,1,0,0,0,0,0,0,0,0,1866,100,0,0,0,0,64,200000000,41
20250113225335,1,0,0,0,0,datasets/linear,,lipp,14410148,190000000,0.99,0,1,0,0,0,0,0,0,0,0,1866,100,0,0,0,0,64,200000000,41
20250113225410,0,1,0,0,0,datasets/linear,,lipp,3646444,190000000,0.99,0,1,0,0,0,0,0,0,0,0,1866,100,0,0,0,0,64,200000000,42
20250113225425,1,0,0,0,0,datasets/linear,,lipp,13053117,190000000,0.99,0,1,0,0,0,0,0,0,0,0,1866,100,0,0,0,0,64,200000000,42
20250113225514,0,1,0,0,0,datasets/linear,,lipp,1296319,180000000,0.99,0,1,0,0,0,0,0,0,0,0,1866,100,0,0,0,0,64,200000000,41
20250113225531,1,0,0,0,0,datasets/linear,,lipp,12153420,180000000,0.99,0,1,0,0,0,0,0,0,0,0,1866,100,0,0,0,0,64,200000000,41
20250113225610,0,1,0,0,0,datasets/linear,,lipp,2708179,180000000,0.99,0,1,0,0,0,0,0,0,0,0,1866,100,0,0,0,0,64,200000000,42
20250113225630,1,0,0,0,0,datasets/linear,,lipp,9896746,180000000,0.99,0,1,0,0,0,0,0,0,0,0,1866,100,0,0,0,0,64,200000000,42
20250113225759,0,1,0,0,0,datasets/linear,,lipp,959879,150000000,0.99,0,1,0,0,0,0,0,0,0,0,1866,100,0,0,0,0,64,200000000,41
20250113225834,1,0,0,0,0,datasets/linear,,lipp,5640358,150000000,0.99,0,1,0,0,0,0,0,0,0,0,1866,100,0,0,0,0,64,200000000,41
20250113225934,0,1,0,0,0,datasets/linear,,lipp,1804194,150000000,0.99,0,1,0,0,0,0,0,0,0,0,1866,100,0,0,0,0,64,200000000,42
20250113230010,1,0,0,0,0,datasets/linear,,lipp,5607307,150000000,0.99,0,1,0,0,0,0,0,0,0,0,1866,100,0,0,0,0,64,200000000,42
20250113231622,0,1,0,0,0,datasets/covid,,lipp,5637700,199000000,0.99,0,1,0,0,0,0,0,0,0,0,1866,100,0,0,0,0,64,200000000,21
20250113231656,1,0,0,0,0,datasets/covid,,lipp,5911464,199000000,0.99,0,1,0,0,0,0,0,0,0,0,1866,100,0,0,0,0,64,200000000,21
20250113231819,0,1,0,0,0,datasets/covid,,lipp,4287728,199000000,0.99,0,1,0,0,0,0,0,0,0,0,1866,100,0,0,0,0,64,200000000,22
20250113231853,1,0,0,0,0,datasets/covid,,lipp,5902710,199000000,0.99,0,1,0,0,0,0,0,0,0,0,1866,100,0,0,0,0,64,200000000,22
20250113232016,0,1,0,0,0,datasets/covid,,lipp,6084298,198000000,0.99,0,1,0,0,0,0,0,0,0,0,1866,100,0,0,0,0,64,200000000,21
20250113232051,1,0,0,0,0,datasets/covid,,lipp,5689765,198000000,0.99,0,1,0,0,0,0,0,0,0,0,1866,100,0,0,0,0,64,200000000,21
20250113232214,0,1,0,0,0,datasets/covid,,lipp,4314990,198000000,0.99,0,1,0,0,0,0,0,0,0,0,1866,100,0,0,0,0,64,200000000,22
20250113232248,1,0,0,0,0,datasets/covid,,lipp,5913157,198000000,0.99,0,1,0,0,0,0,0,0,0,0,1866,100,0,0,0,0,64,200000000,22
20250113232411,0,1,0,0,0,datasets/covid,,lipp,6756659,195000000,0.99,0,1,0,0,0,0,0,0,0,0,1866,100,0,0,0,0,64,200000000,21
20250113232445,1,0,0,0,0,datasets/covid,,lipp,5870747,195000000,0.99,0,1,0,0,0,0,0,0,0,0,1866,100,0,0,0,0,64,200000000,21
20250113232608,0,1,0,0,0,datasets/covid,,lipp,4355271,195000000,0.99,0,1,0,0,0,0,0,0,0,0,1866,100,0,0,0,0,64,200000000,22
20250113232642,1,0,0,0,0,datasets/covid,,lipp,5882245,195000000,0.99,0,1,0,0,0,0,0,0,0,0,1866,100,0,0,0,0,64,200000000,22
20250113232807,0,1,0,0,0,datasets/covid,,lipp,7219317,190000000,0.99,0,1,0,0,0,0,0,0,0,0,1866,100,0,0,0,0,64,200000000,21
20250113232842,1,0,0,0,0,datasets/covid,,lipp,5842147,190000000,0.99,0,1,0,0,0,0,0,0,0,0,1866,100,0,0,0,0,64,200000000,21
20250113233005,0,1,0,0,0,datasets/covid,,lipp,4329412,190000000,0.99,0,1,0,0,0,0,0,0,0,0,1866,100,0,0,0,0,64,200000000,22
20250113233039,1,0,0,0,0,datasets/covid,,lipp,5843557,190000000,0.99,0,1,0,0,0,0,0,0,0,0,1866,100,0,0,0,0,64,200000000,22
20250113233207,0,1,0,0,0,datasets/covid,,lipp,7681028,180000000,0.99,0,1,0,0,0,0,0,0,0,0,1866,100,0,0,0,0,64,200000000,21
20250113233241,1,0,0,0,0,datasets/covid,,lipp,5801235,180000000,0.99,0,1,0,0,0,0,0,0,0,0,1866,100,0,0,0,0,64,200000000,21
20250113233406,0,1,0,0,0,datasets/covid,,lipp,3894910,180000000,0.99,0,1,0,0,0,0,0,0,0,0,1866,100,0,0,0,0,64,200000000,22
20250113233441,1,0,0,0,0,datasets/covid,,lipp,5739312,180000000,0.99,0,1,0,0,0,0,0,0,0,0,1866,100,0,0,0,0,64,200000000,22
20250113233613,0,1,0,0,0,datasets/covid,,lipp,9708297,150000000,0.99,0,1,0,0,0,0,0,0,0,0,1866,100,0,0,0,0,64,200000000,21
20250113233648,1,0,0,0,0,datasets/covid,,lipp,5682969,150000000,0.99,0,1,0,0,0,0,0,0,0,0,1866,100,0,0,0,0,64,200000000,21
20250113233815,0,1,0,0,0,datasets/covid,,lipp,4004601,150000000,0.99,0,1,0,0,0,0,0,0,0,0,1866,100,0,0,0,0,64,200000000,22
20250113233850,1,0,0,0,0,datasets/covid,,lipp,5680315,150000000,0.99,0,1,0,0,0,0,0,0,0,0,1866,100,0,0,0,0,64,200000000,22
20250113234518,0,1,0,0,0,datasets/covid,,lipp,1109242,199000000,0.99,0,1,0,0,0,0,0,0,0,0,1866,100,0,0,0,0,64,200000000,41
20250113234552,1,0,0,0,0,datasets/covid,,lipp,5861600,199000000,0.99,0,1,0,0,0,0,0,0,0,0,1866,100,0,0,0,0,64,200000000,41
20250113234658,0,1,0,0,0,datasets/covid,,lipp,4148208,199000000,0.99,0,1,0,0,0,0,0,0,0,0,1866,100,0,0,0,0,64,200000000,42
20250113234732,1,0,0,0,0,datasets/covid,,lipp,5884129,199000000,0.99,0,1,0,0,0,0,0,0,0,0,1866,100,0,0,0,0,64,200000000,42
20250113234839,0,1,0,0,0,datasets/covid,,lipp,980620,198000000,0.99,0,1,0,0,0,0,0,0,0,0,1866,100,0,0,0,0,64,200000000,41
20250113234913,1,0,0,0,0,datasets/covid,,lipp,5879093,198000000,0.99,0,1,0,0,0,0,0,0,0,0,1866,100,0,0,0,0,64,200000000,41
20250113235019,0,1,0,0,0,datasets/covid,,lipp,3184533,198000000,0.99,0,1,0,0,0,0,0,0,0,0,1866,100,0,0,0,0,64,200000000,42
20250113235054,1,0,0,0,0,datasets/covid,,lipp,5798349,198000000,0.99,0,1,0,0,0,0,0,0,0,0,1866,100,0,0,0,0,64,200000000,42
20250113235204,0,1,0,0,0,datasets/covid,,lipp,899986,195000000,0.99,0,1,0,0,0,0,0,0,0,0,1866,100,0,0,0,0,64,200000000,41
20250113235239,1,0,0,0,0,datasets/covid,,lipp,5747351,195000000,0.99,0,1,0,0,0,0,0,0,0,0,1866,100,0,0,0,0,64,200000000,41
20250113235346,0,1,0,0,0,datasets/covid,,lipp,3059113,195000000,0.99,0,1,0,0,0,0,0,0,0,0,1866,100,0,0,0,0,64,200000000,42
20250113235421,1,0,0,0,0,datasets/covid,,lipp,5754132,195000000,0.99,0,1,0,0,0,0,0,0,0,0,1866,100,0,0,0,0,64,200000000,42
20250113235538,0,1,0,0,0,datasets/covid,,lipp,847742,190000000,0.99,0,1,0,0,0,0,0,0,0,0,1866,100,0,0,0,0,64,200000000,41
20250113235615,1,0,0,0,0,datasets/covid,,lipp,5432761,190000000,0.99,0,1,0,0,0,0,0,0,0,0,1866,100,0,0,0,0,64,200000000,41
20250113235724,0,1,0,0,0,datasets/covid,,lipp,2505456,190000000,0.99,0,1,0,0,0,0,0,0,0,0,1866,100,0,0,0,0,64,200000000,42
20250113235801,1,0,0,0,0,datasets/covid,,lipp,5472795,190000000,0.99,0,1,0,0,0,0,0,0,0,0,1866,100,0,0,0,0,64,200000000,42
20250113235934,0,1,0,0,0,datasets/covid,,lipp,780987,180000000,0.99,0,1,0,0,0,0,0,0,0,0,1866,100,0,0,0,0,64,200000000,41
20250114000019,1,0,0,0,0,datasets/covid,,lipp,4428666,180000000,0.99,0,1,0,0,0,0,0,0,0,0,1866,100,0,0,0,0,64,200000000,41
20250114000134,0,1,0,0,0,datasets/covid,,lipp,1999760,180000000,0.99,0,1,0,0,0,0,0,0,0,0,1866,100,0,0,0,0,64,200000000,42
20250114000215,1,0,0,0,0,datasets/covid,,lipp,4828735,180000000,0.99,0,1,0,0,0,0,0,0,0,0,1866,100,0,0,0,0,64,200000000,42
20250114000443,0,1,0,0,0,datasets/covid,,lipp,639057,150000000,0.99,0,1,0,0,0,0,0,0,0,0,1866,100,0,0,0,0,64,200000000,41
20250114000552,1,0,0,0,0,datasets/covid,,lipp,2896404,150000000,0.99,0,1,0,0,0,0,0,0,0,0,1866,100,0,0,0,0,64,200000000,41
20250114000729,0,1,0,0,0,datasets/covid,,lipp,1493872,150000000,0.99,0,1,0,0,0,0,0,0,0,0,1866,100,0,0,0,0,64,200000000,42
20250114000832,1,0,0,0,0,datasets/covid,,lipp,3182332,150000000,0.99,0,1,0,0,0,0,0,0,0,0,1866,100,0,0,0,0,64,200000000,42
20250114002511,0,1,0,0,0,datasets/fb-1,,lipp,3267688,199000000,0.99,0,1,0,0,0,0,0,0,0,0,1866,100,0,0,0,0,64,200000000,21
20250114002551,1,0,0,0,0,datasets/fb-1,,lipp,5036025,199000000,0.99,0,1,0,0,0,0,0,0,0,0,1866,100,0,0,0,0,64,200000000,21
20250114002658,0,1,0,0,0,datasets/fb-1,,lipp,2033425,199000000,0.99,0,1,0,0,0,0,0,0,0,0,1866,100,0,0,0,0,64,200000000,22
20250114002738,1,0,0,0,0,datasets/fb-1,,lipp,4986110,199000000,0.99,0,1,0,0,0,0,0,0,0,0,1866,100,0,0,0,0,64,200000000,22
20250114002846,0,1,0,0,0,datasets/fb-1,,lipp,3615838,198000000,0.99,0,1,0,0,0,0,0,0,0,0,1866,100,0,0,0,0,64,200000000,21
20250114002926,1,0,0,0,0,datasets/fb-1,,lipp,5002399,198000000,0.99,0,1,0,0,0,0,0,0,0,0,1866,100,0,0,0,0,64,200000000,21
20250114003034,0,1,0,0,0,datasets/fb-1,,lipp,2050106,198000000,0.99,0,1,0,0,0,0,0,0,0,0,1866,100,0,0,0,0,64,200000000,22
20250114003114,1,0,0,0,0,datasets/fb-1,,lipp,5003076,198000000,0.99,0,1,0,0,0,0,0,0,0,0,1866,100,0,0,0,0,64,200000000,22
20250114003223,0,1,0,0,0,datasets/fb-1,,lipp,4268022,195000000,0.99,0,1,0,0,0,0,0,0,0,0,1866,100,0,0,0,0,64,200000000,21
20250114003304,1,0,0,0,0,datasets/fb-1,,lipp,4943389,195000000,0.99,0,1,0,0,0,0,0,0,0,0,1866,100,0,0,0,0,64,200000000,21
20250114003413,0,1,0,0,0,datasets/fb-1,,lipp,2055458,195000000,0.99,0,1,0,0,0,0,0,0,0,0,1866,100,0,0,0,0,64,200000000,22
20250114003454,1,0,0,0,0,datasets/fb-1,,lipp,4850998,195000000,0.99,0,1,0,0,0,0,0,0,0,0,1866,100,0,0,0,0,64,200000000,22
20250114003605,0,1,0,0,0,datasets/fb-1,,lipp,4930254,190000000,0.99,0,1,0,0,0,0,0,0,0,0,1866,100,0,0,0,0,64,200000000,21
20250114003646,1,0,0,0,0,datasets/fb-1,,lipp,4857832,190000000,0.99,0,1,0,0,0,0,0,0,0,0,1866,100,0,0,0,0,64,200000000,21
20250114003757,0,1,0,0,0,datasets/fb-1,,lipp,2047242,190000000,0.99,0,1,0,0,0,0,0,0,0,0,1866,100,0,0,0,0,64,200000000,22
20250114003839,1,0,0,0,0,datasets/fb-1,,lipp,4856135,190000000,0.99,0,1,0,0,0,0,0,0,0,0,1866,100,0,0,0,0,64,200000000,22
20250114003953,0,1,0,0,0,datasets/fb-1,,lipp,5783659,180000000,0.99,0,1,0,0,0,0,0,0,0,0,1866,100,0,0,0,0,64,200000000,21
20250114004035,1,0,0,0,0,datasets/fb-1,,lipp,4703420,180000000,0.99,0,1,0,0,0,0,0,0,0,0,1866,100,0,0,0,0,64,200000000,21
20250114004150,0,1,0,0,0,datasets/fb-1,,lipp,2002994,180000000,0.99,0,1,0,0,0,0,0,0,0,0,1866,100,0,0,0,0,64,200000000,22
20250114004233,1,0,0,0,0,datasets/fb-1,,lipp,4695300,180000000,0.99,0,1,0,0,0,0,0,0,0,0,1866,100,0,0,0,0,64,200000000,22
20250114004351,0,1,0,0,0,datasets/fb-1,,lipp,7694537,150000000,0.99,0,1,0,0,0,0,0,0,0,0,1866,100,0,0,0,0,64,200000000,21
20250114004438,1,0,0,0,0,datasets/fb-1,,lipp,4271100,150000000,0.99,0,1,0,0,0,0,0,0,0,0,1866,100,0,0,0,0,64,200000000,21
20250114004605,0,1,0,0,0,datasets/fb-1,,lipp,1918810,150000000,0.99,0,1,0,0,0,0,0,0,0,0,1866,100,0,0,0,0,64,200000000,22
20250114004652,1,0,0,0,0,datasets/fb-1,,lipp,4195295,150000000,0.99,0,1,0,0,0,0,0,0,0,0,1866,100,0,0,0,0,64,200000000,22
20250114005337,0,1,0,0,0,datasets/fb-1,,lipp,930257,199000000,0.99,0,1,0,0,0,0,0,0,0,0,1866,100,0,0,0,0,64,200000000,41
20250114005417,1,0,0,0,0,datasets/fb-1,,lipp,5034577,199000000,0.99,0,1,0,0,0,0,0,0,0,0,1866,100,0,0,0,0,64,200000000,41
20250114005507,0,1,0,0,0,datasets/fb-1,,lipp,1995991,199000000,0.99,0,1,0,0,0,0,0,0,0,0,1866,100,0,0,0,0,64,200000000,42
20250114005547,1,0,0,0,0,datasets/fb-1,,lipp,5038323,199000000,0.99,0,1,0,0,0,0,0,0,0,0,1866,100,0,0,0,0,64,200000000,42
20250114005639,0,1,0,0,0,datasets/fb-1,,lipp,839431,198000000,0.99,0,1,0,0,0,0,0,0,0,0,1866,100,0,0,0,0,64,200000000,41
20250114005729,1,0,0,0,0,datasets/fb-1,,lipp,4036520,198000000,0.99,0,1,0,0,0,0,0,0,0,0,1866,100,0,0,0,0,64,200000000,41
20250114005820,0,1,0,0,0,datasets/fb-1,,lipp,1982823,198000000,0.99,0,1,0,0,0,0,0,0,0,0,1866,100,0,0,0,0,64,200000000,42
20250114005901,1,0,0,0,0,datasets/fb-1,,lipp,4879464,198000000,0.99,0,1,0,0,0,0,0,0,0,0,1866,100,0,0,0,0,64,200000000,42
20250114005958,0,1,0,0,0,datasets/fb-1,,lipp,768711,195000000,0.99,0,1,0,0,0,0,0,0,0,0,1866,100,0,0,0,0,64,200000000,41
20250114010039,1,0,0,0,0,datasets/fb-1,,lipp,4877633,195000000,0.99,0,1,0,0,0,0,0,0,0,0,1866,100,0,0,0,0,64,200000000,41
20250114010131,0,1,0,0,0,datasets/fb-1,,lipp,1988066,195000000,0.99,0,1,0,0,0,0,0,0,0,0,1866,100,0,0,0,0,64,200000000,42
20250114010213,1,0,0,0,0,datasets/fb-1,,lipp,4833547,195000000,0.99,0,1,0,0,0,0,0,0,0,0,1866,100,0,0,0,0,64,200000000,42
20250114010316,0,1,0,0,0,datasets/fb-1,,lipp,740712,190000000,0.99,0,1,0,0,0,0,0,0,0,0,1866,100,0,0,0,0,64,200000000,41
20250114010400,1,0,0,0,0,datasets/fb-1,,lipp,4569990,190000000,0.99,0,1,0,0,0,0,0,0,0,0,1866,100,0,0,0,0,64,200000000,41
20250114010455,0,1,0,0,0,datasets/fb-1,,lipp,1844043,190000000,0.99,0,1,0,0,0,0,0,0,0,0,1866,100,0,0,0,0,64,200000000,42
20250114010539,1,0,0,0,0,datasets/fb-1,,lipp,4624566,190000000,0.99,0,1,0,0,0,0,0,0,0,0,1866,100,0,0,0,0,64,200000000,42
20250114010658,0,1,0,0,0,datasets/fb-1,,lipp,694888,180000000,0.99,0,1,0,0,0,0,0,0,0,0,1866,100,0,0,0,0,64,200000000,41
20250114010748,1,0,0,0,0,datasets/fb-1,,lipp,4033152,180000000,0.99,0,1,0,0,0,0,0,0,0,0,1866,100,0,0,0,0,64,200000000,41
20250114010850,0,1,0,0,0,datasets/fb-1,,lipp,1593081,180000000,0.99,0,1,0,0,0,0,0,0,0,0,1866,100,0,0,0,0,64,200000000,42
20250114010941,1,0,0,0,0,datasets/fb-1,,lipp,3896069,180000000,0.99,0,1,0,0,0,0,0,0,0,0,1866,100,0,0,0,0,64,200000000,42
20250114011154,0,1,0,0,0,datasets/fb-1,,lipp,618568,150000000,0.99,0,1,0,0,0,0,0,0,0,0,1866,100,0,0,0,0,64,200000000,41
20250114011308,1,0,0,0,0,datasets/fb-1,,lipp,2685714,150000000,0.99,0,1,0,0,0,0,0,0,0,0,1866,100,0,0,0,0,64,200000000,41
20250114011434,0,1,0,0,0,datasets/fb-1,,lipp,1322760,150000000,0.99,0,1,0,0,0,0,0,0,0,0,1866,100,0,0,0,0,64,200000000,42
20250114011536,1,0,0,0,0,datasets/fb-1,,lipp,3267051,150000000,0.99,0,1,0,0,0,0,0,0,0,0,1866,100,0,0,0,0,64,200000000,42
20250114013117,0,1,0,0,0,datasets/osm,,lipp,3456377,199000000,0.99,0,1,0,0,0,0,0,0,0,0,1866,100,0,0,0,0,64,200000000,21
20250114013213,1,0,0,0,0,datasets/osm,,lipp,3545808,199000000,0.99,0,1,0,0,0,0,0,0,0,0,1866,100,0,0,0,0,64,200000000,21
20250114013328,0,1,0,0,0,datasets/osm,,lipp,1832043,199000000,0.99,0,1,0,0,0,0,0,0,0,0,1866,100,0,0,0,0,64,200000000,22
20250114013417,1,0,0,0,0,datasets/osm,,lipp,4032061,199000000,0.99,0,1,0,0,0,0,0,0,0,0,1866,100,0,0,0,0,64,200000000,22
20250114013532,0,1,0,0,0,datasets/osm,,lipp,3872657,198000000,0.99,0,1,0,0,0,0,0,0,0,0,1866,100,0,0,0,0,64,200000000,21
20250114013622,1,0,0,0,0,datasets/osm,,lipp,3955110,198000000,0.99,0,1,0,0,0,0,0,0,0,0,1866,100,0,0,0,0,64,200000000,21
20250114013737,0,1,0,0,0,datasets/osm,,lipp,1820877,198000000,0.99,0,1,0,0,0,0,0,0,0,0,1866,100,0,0,0,0,64,200000000,22
20250114013828,1,0,0,0,0,datasets/osm,,lipp,3963355,198000000,0.99,0,1,0,0,0,0,0,0,0,0,1866,100,0,0,0,0,64,200000000,22
20250114013943,0,1,0,0,0,datasets/osm,,lipp,4610923,195000000,0.99,0,1,0,0,0,0,0,0,0,0,1866,100,0,0,0,0,64,200000000,21
20250114014033,1,0,0,0,0,datasets/osm,,lipp,3972242,195000000,0.99,0,1,0,0,0,0,0,0,0,0,1866,100,0,0,0,0,64,200000000,21
20250114014149,0,1,0,0,0,datasets/osm,,lipp,1930971,195000000,0.99,0,1,0,0,0,0,0,0,0,0,1866,100,0,0,0,0,64,200000000,22
20250114014240,1,0,0,0,0,datasets/osm,,lipp,3941861,195000000,0.99,0,1,0,0,0,0,0,0,0,0,1866,100,0,0,0,0,64,200000000,22
20250114014356,0,1,0,0,0,datasets/osm,,lipp,5236879,190000000,0.99,0,1,0,0,0,0,0,0,0,0,1866,100,0,0,0,0,64,200000000,21
20250114014448,1,0,0,0,0,datasets/osm,,lipp,3880654,190000000,0.99,0,1,0,0,0,0,0,0,0,0,1866,100,0,0,0,0,64,200000000,21
20250114014605,0,1,0,0,0,datasets/osm,,lipp,1840250,190000000,0.99,0,1,0,0,0,0,0,0,0,0,1866,100,0,0,0,0,64,200000000,22
20250114014656,1,0,0,0,0,datasets/osm,,lipp,3938425,190000000,0.99,0,1,0,0,0,0,0,0,0,0,1866,100,0,0,0,0,64,200000000,22
20250114014814,0,1,0,0,0,datasets/osm,,lipp,6016985,180000000,0.99,0,1,0,0,0,0,0,0,0,0,1866,100,0,0,0,0,64,200000000,21
20250114014906,1,0,0,0,0,datasets/osm,,lipp,3861765,180000000,0.99,0,1,0,0,0,0,0,0,0,0,1866,100,0,0,0,0,64,200000000,21
20250114015027,0,1,0,0,0,datasets/osm,,lipp,1841874,180000000,0.99,0,1,0,0,0,0,0,0,0,0,1866,100,0,0,0,0,64,200000000,22
20250114015119,1,0,0,0,0,datasets/osm,,lipp,3859455,180000000,0.99,0,1,0,0,0,0,0,0,0,0,1866,100,0,0,0,0,64,200000000,22
20250114015240,0,1,0,0,0,datasets/osm,,lipp,7774761,150000000,0.99,0,1,0,0,0,0,0,0,0,0,1866,100,0,0,0,0,64,200000000,21
20250114015336,1,0,0,0,0,datasets/osm,,lipp,3613248,150000000,0.99,0,1,0,0,0,0,0,0,0,0,1866,100,0,0,0,0,64,200000000,21
20250114015508,0,1,0,0,0,datasets/osm,,lipp,1809416,150000000,0.99,0,1,0,0,0,0,0,0,0,0,1866,100,0,0,0,0,64,200000000,22
20250114015603,1,0,0,0,0,datasets/osm,,lipp,3632361,150000000,0.99,0,1,0,0,0,0,0,0,0,0,1866,100,0,0,0,0,64,200000000,22
20250114020306,0,1,0,0,0,datasets/osm,,lipp,858507,199000000,0.99,0,1,0,0,0,0,0,0,0,0,1866,100,0,0,0,0,64,200000000,41
20250114020356,1,0,0,0,0,datasets/osm,,lipp,3997454,199000000,0.99,0,1,0,0,0,0,0,0,0,0,1866,100,0,0,0,0,64,200000000,41
20250114020453,0,1,0,0,0,datasets/osm,,lipp,2144829,199000000,0.99,0,1,0,0,0,0,0,0,0,0,1866,100,0,0,0,0,64,200000000,42
20250114020544,1,0,0,0,0,datasets/osm,,lipp,3963342,199000000,0.99,0,1,0,0,0,0,0,0,0,0,1866,100,0,0,0,0,64,200000000,42
20250114020644,0,1,0,0,0,datasets/osm,,lipp,783864,198000000,0.99,0,1,0,0,0,0,0,0,0,0,1866,100,0,0,0,0,64,200000000,41
20250114020734,1,0,0,0,0,datasets/osm,,lipp,4003059,198000000,0.99,0,1,0,0,0,0,0,0,0,0,1866,100,0,0,0,0,64,200000000,41
20250114020833,0,1,0,0,0,datasets/osm,,lipp,1420568,198000000,0.99,0,1,0,0,0,0,0,0,0,0,1866,100,0,0,0,0,64,200000000,42
20250114020924,1,0,0,0,0,datasets/osm,,lipp,3937177,198000000,0.99,0,1,0,0,0,0,0,0,0,0,1866,100,0,0,0,0,64,200000000,42
20250114021028,0,1,0,0,0,datasets/osm,,lipp,749660,195000000,0.99,0,1,0,0,0,0,0,0,0,0,1866,100,0,0,0,0,64,200000000,41
20250114021120,1,0,0,0,0,datasets/osm,,lipp,3850094,195000000,0.99,0,1,0,0,0,0,0,0,0,0,1866,100,0,0,0,0,64,200000000,41
20250114021220,0,1,0,0,0,datasets/osm,,lipp,1724185,195000000,0.99,0,1,0,0,0,0,0,0,0,0,1866,100,0,0,0,0,64,200000000,42
20250114021311,1,0,0,0,0,datasets/osm,,lipp,3885004,195000000,0.99,0,1,0,0,0,0,0,0,0,0,1866,100,0,0,0,0,64,200000000,42
20250114021422,0,1,0,0,0,datasets/osm,,lipp,741109,190000000,0.99,0,1,0,0,0,0,0,0,0,0,1866,100,0,0,0,0,64,200000000,41
20250114021516,1,0,0,0,0,datasets/osm,,lipp,3712475,190000000,0.99,0,1,0,0,0,0,0,0,0,0,1866,100,0,0,0,0,64,200000000,41
20250114021619,0,1,0,0,0,datasets/osm,,lipp,1830710,190000000,0.99,0,1,0,0,0,0,0,0,0,0,1866,100,0,0,0,0,64,200000000,42
20250114021712,1,0,0,0,0,datasets/osm,,lipp,3797262,190000000,0.99,0,1,0,0,0,0,0,0,0,0,1866,100,0,0,0,0,64,200000000,42
20250114021836,0,1,0,0,0,datasets/osm,,lipp,725640,180000000,0.99,0,1,0,0,0,0,0,0,0,0,1866,100,0,0,0,0,64,200000000,41
20250114021936,1,0,0,0,0,datasets/osm,,lipp,3376330,180000000,0.99,0,1,0,0,0,0,0,0,0,0,1866,100,0,0,0,0,64,200000000,41
20250114022043,0,1,0,0,0,datasets/osm,,lipp,1825331,180000000,0.99,0,1,0,0,0,0,0,0,0,0,1866,100,0,0,0,0,64,200000000,42
20250114022137,1,0,0,0,0,datasets/osm,,lipp,3746200,180000000,0.99,0,1,0,0,0,0,0,0,0,0,1866,100,0,0,0,0,64,200000000,42
20250114022351,0,1,0,0,0,datasets/osm,,lipp,630108,150000000,0.99,0,1,0,0,0,0,0,0,0,0,1866,100,0,0,0,0,64,200000000,41
20250114022512,1,0,0,0,0,datasets/osm,,lipp,2488947,150000000,0.99,0,1,0,0,0,0,0,0,0,0,1866,100,0,0,0,0,64,200000000,41
20250114022637,0,1,0,0,0,datasets/osm,,lipp,1699850,150000000,0.99,0,1,0,0,0,0,0,0,0,0,1866,100,0,0,0,0,64,200000000,42
20250114022733,1,0,0,0,0,datasets/osm,,lipp,3563226,150000000,0.99,0,1,0,0,0,0,0,0,0,0,1866,100,0,0,0,0,64,200000000,42
20250116145059,0,1,0,0,0,datasets/linear,,alex,3649285,40000000,0.99,4933219224,1,0,0,0,0,0,0,0,0,1866,100,0,0,0,0,64,200000000,21
20250116145151,1,0,0,0,0,datasets/linear,,alex,3837525,40000000,0.99,4933219224,1,0,0,0,0,0,0,0,0,1866,100,0,0,0,0,64,200000000,21
20250116145320,0,1,0,0,0,datasets/linear,,alex,3540735,40000000,0.99,5177298760,1,0,0,0,0,0,0,0,0,1866,100,0,0,0,0,64,200000000,22
20250116145334,1,0,0,0,0,datasets/linear,,alex,14095353,40000000,0.99,5177298760,1,0,0,0,0,0,0,0,0,1866,100,0,0,0,0,64,200000000,22
20250116145524,0,1,0,0,0,datasets/linear,,alex,3253835,60000000,0.99,4881937936,1,0,0,0,0,0,0,0,0,1866,100,0,0,0,0,64,200000000,21
20250116145615,1,0,0,0,0,datasets/linear,,alex,3870263,60000000,0.99,4881937936,1,0,0,0,0,0,0,0,0,1866,100,0,0,0,0,64,200000000,21
20250116145743,0,1,0,0,0,datasets/linear,,alex,3714390,60000000,0.99,4368368640,1,0,0,0,0,0,0,0,0,1866,100,0,0,0,0,64,200000000,22
20250116145759,1,0,0,0,0,datasets/linear,,alex,12950134,60000000,0.99,4368368640,1,0,0,0,0,0,0,0,0,1866,100,0,0,0,0,64,200000000,22
20250116145945,0,1,0,0,0,datasets/linear,,alex,2808875,80000000,0.99,4916651840,1,0,0,0,0,0,0,0,0,1866,100,0,0,0,0,64,200000000,21
20250116150034,1,0,0,0,0,datasets/linear,,alex,4039248,80000000,0.99,4916651840,1,0,0,0,0,0,0,0,0,1866,100,0,0,0,0,64,200000000,21
20250116150155,0,1,0,0,0,datasets/linear,,alex,3831227,80000000,0.99,4368363920,1,0,0,0,0,0,0,0,0,1866,100,0,0,0,0,64,200000000,22
20250116150210,1,0,0,0,0,datasets/linear,,alex,13722441,80000000,0.99,4368363920,1,0,0,0,0,0,0,0,0,1866,100,0,0,0,0,64,200000000,22
20250116150341,0,1,0,0,0,datasets/linear,,alex,5189197,120000000,0.99,4781240896,1,0,0,0,0,0,0,0,0,1866,100,0,0,0,0,64,200000000,21
20250116150400,1,0,0,0,0,datasets/linear,,alex,10557345,120000000,0.99,4781240896,1,0,0,0,0,0,0,0,0,1866,100,0,0,0,0,64,200000000,21
20250116150528,0,1,0,0,0,datasets/linear,,alex,3806346,120000000,0.99,4914410568,1,0,0,0,0,0,0,0,0,1866,100,0,0,0,0,64,200000000,22
20250116150543,1,0,0,0,0,datasets/linear,,alex,12790667,120000000,0.99,4914410568,1,0,0,0,0,0,0,0,0,1866,100,0,0,0,0,64,200000000,22
20250116150657,0,1,0,0,0,datasets/linear,,alex,6671595,140000000,0.99,4874198992,1,0,0,0,0,0,0,0,0,1866,100,0,0,0,0,64,200000000,21
20250116150712,1,0,0,0,0,datasets/linear,,alex,14074572,140000000,0.99,4874198992,1,0,0,0,0,0,0,0,0,1866,100,0,0,0,0,64,200000000,21
20250116150823,0,1,0,0,0,datasets/linear,,alex,4545420,140000000,0.99,4300055400,1,0,0,0,0,0,0,0,0,1866,100,0,0,0,0,64,200000000,22
20250116150837,1,0,0,0,0,datasets/linear,,alex,14549358,140000000,0.99,4300055400,1,0,0,0,0,0,0,0,0,1866,100,0,0,0,0,64,200000000,22
20250116150946,0,1,0,0,0,datasets/linear,,alex,7132423,160000000,0.99,4691436256,1,0,0,0,0,0,0,0,0,1866,100,0,0,0,0,64,200000000,21
20250116151000,1,0,0,0,0,datasets/linear,,alex,13506765,160000000,0.99,4691436256,1,0,0,0,0,0,0,0,0,1866,100,0,0,0,0,64,200000000,21
20250116151110,0,1,0,0,0,datasets/linear,,alex,3574354,160000000,0.99,4914395416,1,0,0,0,0,0,0,0,0,1866,100,0,0,0,0,64,200000000,22
20250116151124,1,0,0,0,0,datasets/linear,,alex,14281818,160000000,0.99,4914395416,1,0,0,0,0,0,0,0,0,1866,100,0,0,0,0,64,200000000,22
20250116151243,0,1,0,0,0,datasets/linear,,alex,4033325,40000000,0.99,4904500584,1,0,0,0,0,0,0,0,0,1866,100,0,0,0,0,64,200000000,41
20250116151257,1,0,0,0,0,datasets/linear,,alex,14369371,40000000,0.99,4904500584,1,0,0,0,0,0,0,0,0,1866,100,0,0,0,0,64,200000000,41
20250116151425,0,1,0,0,0,datasets/linear,,alex,3769742,40000000,0.99,4825117600,1,0,0,0,0,0,0,0,0,1866,100,0,0,0,0,64,200000000,42
20250116151439,1,0,0,0,0,datasets/linear,,alex,14280216,40000000,0.99,4825117600,1,0,0,0,0,0,0,0,0,1866,100,0,0,0,0,64,200000000,42
20250116151555,0,1,0,0,0,datasets/linear,,alex,3898480,60000000,0.99,4959815760,1,0,0,0,0,0,0,0,0,1866,100,0,0,0,0,64,200000000,41
20250116151610,1,0,0,0,0,datasets/linear,,alex,13451007,60000000,0.99,4959815760,1,0,0,0,0,0,0,0,0,1866,100,0,0,0,0,64,200000000,41
20250116151732,0,1,0,0,0,datasets/linear,,alex,3869988,60000000,0.99,4418863648,1,0,0,0,0,0,0,0,0,1866,100,0,0,0,0,64,200000000,42
20250116151747,1,0,0,0,0,datasets/linear,,alex,13806758,60000000,0.99,4418863648,1,0,0,0,0,0,0,0,0,1866,100,0,0,0,0,64,200000000,42
20250116151857,0,1,0,0,0,datasets/linear,,alex,4015656,80000000,0.99,4827357592,1,0,0,0,0,0,0,0,0,1866,100,0,0,0,0,64,200000000,41
20250116151911,1,0,0,0,0,datasets/linear,,alex,14455799,80000000,0.99,4827357592,1,0,0,0,0,0,0,0,0,1866,100,0,0,0,0,64,200000000,41
20250116152026,0,1,0,0,0,datasets/linear,,alex,3897924,80000000,0.99,4575884160,1,0,0,0,0,0,0,0,0,1866,100,0,0,0,0,64,200000000,42
20250116152040,1,0,0,0,0,datasets/linear,,alex,14441155,80000000,0.99,4575884160,1,0,0,0,0,0,0,0,0,1866,100,0,0,0,0,64,200000000,42
20250116152144,0,1,0,0,0,datasets/linear,,alex,3824785,120000000,0.99,4811371928,1,0,0,0,0,0,0,0,0,1866,100,0,0,0,0,64,200000000,41
20250116152159,1,0,0,0,0,datasets/linear,,alex,13373813,120000000,0.99,4811371928,1,0,0,0,0,0,0,0,0,1866,100,0,0,0,0,64,200000000,41
20250116152306,0,1,0,0,0,datasets/linear,,alex,4013043,120000000,0.99,4514164992,1,0,0,0,0,0,0,0,0,1866,100,0,0,0,0,64,200000000,42
20250116152321,1,0,0,0,0,datasets/linear,,alex,13373502,120000000,0.99,4514164992,1,0,0,0,0,0,0,0,0,1866,100,0,0,0,0,64,200000000,42
20250116152418,0,1,0,0,0,datasets/linear,,alex,3862426,140000000,0.99,4686372296,1,0,0,0,0,0,0,0,0,1866,100,0,0,0,0,64,200000000,41
20250116152432,1,0,0,0,0,datasets/linear,,alex,14464982,140000000,0.99,4686372296,1,0,0,0,0,0,0,0,0,1866,100,0,0,0,0,64,200000000,41
20250116152530,0,1,0,0,0,datasets/linear,,alex,4127181,140000000,0.99,4531175016,1,0,0,0,0,0,0,0,0,1866,100,0,0,0,0,64,200000000,42
20250116152544,1,0,0,0,0,datasets/linear,,alex,14477881,140000000,0.99,4531175016,1,0,0,0,0,0,0,0,0,1866,100,0,0,0,0,64,200000000,42
20250116152637,0,1,0,0,0,datasets/linear,,alex,3894563,160000000,0.99,4684454272,1,0,0,0,0,0,0,0,0,1866,100,0,0,0,0,64,200000000,41
20250116152651,1,0,0,0,0,datasets/linear,,alex,14454395,160000000,0.99,4684454272,1,0,0,0,0,0,0,0,0,1866,100,0,0,0,0,64,200000000,41
20250116152745,0,1,0,0,0,datasets/linear,,alex,4135086,160000000,0.99,4670035352,1,0,0,0,0,0,0,0,0,1866,100,0,0,0,0,64,200000000,42
20250116152758,1,0,0,0,0,datasets/linear,,alex,14434837,160000000,0.99,4670035352,1,0,0,0,0,0,0,0,0,1866,100,0,0,0,0,64,200000000,42
20250116152951,0,1,0,0,0,datasets/covid,,alex,4037057,40000000,0.99,4919326128,1,0,0,0,0,0,0,0,0,1866,100,0,0,0,0,64,200000000,21
20250116153045,1,0,0,0,0,datasets/covid,,alex,3757696,40000000,0.99,4919326128,1,0,0,0,0,0,0,0,0,1866,100,0,0,0,0,64,200000000,21
20250116153243,0,1,0,0,0,datasets/covid,,alex,2508239,40000000,0.99,5174943216,1,0,0,0,0,0,0,0,0,1866,100,0,0,0,0,64,200000000,22
20250116153306,1,0,0,0,0,datasets/covid,,alex,8635949,40000000,0.99,5174943216,1,0,0,0,0,0,0,0,0,1866,100,0,0,0,0,64,200000000,22
20250116153501,0,1,0,0,0,datasets/covid,,alex,3729295,60000000,0.99,4893019944,1,0,0,0,0,0,0,0,0,1866,100,0,0,0,0,64,200000000,21
20250116153554,1,0,0,0,0,datasets/covid,,alex,3782794,60000000,0.99,4893019944,1,0,0,0,0,0,0,0,0,1866,100,0,0,0,0,64,200000000,21
20250116153743,0,1,0,0,0,datasets/covid,,alex,3009871,60000000,0.99,4372336152,1,0,0,0,0,0,0,0,0,1866,100,0,0,0,0,64,200000000,22
20250116153806,1,0,0,0,0,datasets/covid,,alex,8737305,60000000,0.99,4372336152,1,0,0,0,0,0,0,0,0,1866,100,0,0,0,0,64,200000000,22
20250116154003,0,1,0,0,0,datasets/covid,,alex,3482284,80000000,0.99,4930716904,1,0,0,0,0,0,0,0,0,1866,100,0,0,0,0,64,200000000,21
20250116154056,1,0,0,0,0,datasets/covid,,alex,3776397,80000000,0.99,4930716904,1,0,0,0,0,0,0,0,0,1866,100,0,0,0,0,64,200000000,21
20250116154247,0,1,0,0,0,datasets/covid,,alex,2903247,80000000,0.99,4372217000,1,0,0,0,0,0,0,0,0,1866,100,0,0,0,0,64,200000000,22
20250116154310,1,0,0,0,0,datasets/covid,,alex,8806991,80000000,0.99,4372217000,1,0,0,0,0,0,0,0,0,1866,100,0,0,0,0,64,200000000,22
20250116154509,0,1,0,0,0,datasets/covid,,alex,3163735,120000000,0.99,5101086360,1,0,0,0,0,0,0,0,0,1866,100,0,0,0,0,64,200000000,21
20250116154553,1,0,0,0,0,datasets/covid,,alex,4535079,120000000,0.99,5101086360,1,0,0,0,0,0,0,0,0,1866,100,0,0,0,0,64,200000000,21
20250116154747,0,1,0,0,0,datasets/covid,,alex,2820040,120000000,0.99,4917915512,1,0,0,0,0,0,0,0,0,1866,100,0,0,0,0,64,200000000,22
20250116154811,1,0,0,0,0,datasets/covid,,alex,8435915,120000000,0.99,4917915512,1,0,0,0,0,0,0,0,0,1866,100,0,0,0,0,64,200000000,22
20250116155009,0,1,0,0,0,datasets/covid,,alex,3234473,140000000,0.99,5078730112,1,0,0,0,0,0,0,0,0,1866,100,0,0,0,0,64,200000000,21
20250116155039,1,0,0,0,0,datasets/covid,,alex,6623680,140000000,0.99,5078730112,1,0,0,0,0,0,0,0,0,1866,100,0,0,0,0,64,200000000,21
20250116155232,0,1,0,0,0,datasets/covid,,alex,3009051,140000000,0.99,4305233608,1,0,0,0,0,0,0,0,0,1866,100,0,0,0,0,64,200000000,22
20250116155255,1,0,0,0,0,datasets/covid,,alex,8658729,140000000,0.99,4305233608,1,0,0,0,0,0,0,0,0,1866,100,0,0,0,0,64,200000000,22
20250116155451,0,1,0,0,0,datasets/covid,,alex,3824471,160000000,0.99,4745873144,1,0,0,0,0,0,0,0,0,1866,100,0,0,0,0,64,200000000,21
20250116155516,1,0,0,0,0,datasets/covid,,alex,8086264,160000000,0.99,4745873144,1,0,0,0,0,0,0,0,0,1866,100,0,0,0,0,64,200000000,21
20250116155711,0,1,0,0,0,datasets/covid,,alex,2763505,160000000,0.99,4916425368,1,0,0,0,0,0,0,0,0,1866,100,0,0,0,0,64,200000000,22
20250116155733,1,0,0,0,0,datasets/covid,,alex,9120434,160000000,0.99,4916425368,1,0,0,0,0,0,0,0,0,1866,100,0,0,0,0,64,200000000,22
20250116155853,0,1,0,0,0,datasets/covid,,alex,5776675,40000000,0.99,4956661536,1,0,0,0,0,0,0,0,0,1866,100,0,0,0,0,64,200000000,41
20250116155919,1,0,0,0,0,datasets/covid,,alex,7638985,40000000,0.99,4956661536,1,0,0,0,0,0,0,0,0,1866,100,0,0,0,0,64,200000000,41
20250116160125,0,1,0,0,0,datasets/covid,,alex,2390040,40000000,0.99,4759700472,1,0,0,0,0,0,0,0,0,1866,100,0,0,0,0,64,200000000,42
20250116160148,1,0,0,0,0,datasets/covid,,alex,8495653,40000000,0.99,4759700472,1,0,0,0,0,0,0,0,0,1866,100,0,0,0,0,64,200000000,42
20250116160311,0,1,0,0,0,datasets/covid,,alex,5885489,60000000,0.99,4904949904,1,0,0,0,0,0,0,0,0,1866,100,0,0,0,0,64,200000000,41
20250116160340,1,0,0,0,0,datasets/covid,,alex,6832043,60000000,0.99,4904949904,1,0,0,0,0,0,0,0,0,1866,100,0,0,0,0,64,200000000,41
20250116160540,0,1,0,0,0,datasets/covid,,alex,2552594,60000000,0.99,4592728488,1,0,0,0,0,0,0,0,0,1866,100,0,0,0,0,64,200000000,42
20250116160605,1,0,0,0,0,datasets/covid,,alex,8065633,60000000,0.99,4592728488,1,0,0,0,0,0,0,0,0,1866,100,0,0,0,0,64,200000000,42
20250116160730,0,1,0,0,0,datasets/covid,,alex,5758157,80000000,0.99,4852605160,1,0,0,0,0,0,0,0,0,1866,100,0,0,0,0,64,200000000,41
20250116160757,1,0,0,0,0,datasets/covid,,alex,7451529,80000000,0.99,4852605160,1,0,0,0,0,0,0,0,0,1866,100,0,0,0,0,64,200000000,41
20250116160954,0,1,0,0,0,datasets/covid,,alex,2560076,80000000,0.99,4600967584,1,0,0,0,0,0,0,0,0,1866,100,0,0,0,0,64,200000000,42
20250116161019,1,0,0,0,0,datasets/covid,,alex,7936830,80000000,0.99,4600967584,1,0,0,0,0,0,0,0,0,1866,100,0,0,0,0,64,200000000,42
20250116161150,0,1,0,0,0,datasets/covid,,alex,6014300,120000000,0.99,4776956368,1,0,0,0,0,0,0,0,0,1866,100,0,0,0,0,64,200000000,41
20250116161215,1,0,0,0,0,datasets/covid,,alex,7958515,120000000,0.99,4776956368,1,0,0,0,0,0,0,0,0,1866,100,0,0,0,0,64,200000000,41
20250116161405,0,1,0,0,0,datasets/covid,,alex,2735740,120000000,0.99,4666430000,1,0,0,0,0,0,0,0,0,1866,100,0,0,0,0,64,200000000,42
20250116161428,1,0,0,0,0,datasets/covid,,alex,8731452,120000000,0.99,4666430000,1,0,0,0,0,0,0,0,0,1866,100,0,0,0,0,64,200000000,42
20250116161602,0,1,0,0,0,datasets/covid,,alex,5840465,140000000,0.99,4733615552,1,0,0,0,0,0,0,0,0,1866,100,0,0,0,0,64,200000000,41
20250116161627,1,0,0,0,0,datasets/covid,,alex,8048973,140000000,0.99,4733615552,1,0,0,0,0,0,0,0,0,1866,100,0,0,0,0,64,200000000,41
20250116161815,0,1,0,0,0,datasets/covid,,alex,2764688,140000000,0.99,4579932392,1,0,0,0,0,0,0,0,0,1866,100,0,0,0,0,64,200000000,42
20250116161838,1,0,0,0,0,datasets/covid,,alex,8731014,140000000,0.99,4579932392,1,0,0,0,0,0,0,0,0,1866,100,0,0,0,0,64,200000000,42
20250116162010,0,1,0,0,0,datasets/covid,,alex,5863680,160000000,0.99,4695945088,1,0,0,0,0,0,0,0,0,1866,100,0,0,0,0,64,200000000,41
20250116162035,1,0,0,0,0,datasets/covid,,alex,7923448,160000000,0.99,4695945088,1,0,0,0,0,0,0,0,0,1866,100,0,0,0,0,64,200000000,41
20250116162215,0,1,0,0,0,datasets/covid,,alex,2909335,160000000,0.99,4641729008,1,0,0,0,0,0,0,0,0,1866,100,0,0,0,0,64,200000000,42
20250116162239,1,0,0,0,0,datasets/covid,,alex,8528460,160000000,0.99,4641729008,1,0,0,0,0,0,0,0,0,1866,100,0,0,0,0,64,200000000,42
20250116162431,0,1,0,0,0,datasets/fb-1,,alex,3728389,40000000,0.99,5194713496,1,0,0,0,0,0,0,0,0,1866,100,0,0,0,0,64,200000000,21
20250116162606,1,0,0,0,0,datasets/fb-1,,alex,2097894,40000000,0.99,5194713496,1,0,0,0,0,0,0,0,0,1866,100,0,0,0,0,64,200000000,21
20250116162909,0,1,0,0,0,datasets/fb-1,,alex,1215196,40000000,0.99,4968432424,1,0,0,0,0,0,0,0,0,1866,100,0,0,0,0,64,200000000,22
20250116163047,1,0,0,0,0,datasets/fb-1,,alex,2032785,40000000,0.99,4968432424,1,0,0,0,0,0,0,0,0,1866,100,0,0,0,0,64,200000000,22
20250116163242,0,1,0,0,0,datasets/fb-1,,alex,3900747,60000000,0.99,5161170920,1,0,0,0,0,0,0,0,0,1866,100,0,0,0,0,64,200000000,21
20250116163419,1,0,0,0,0,datasets/fb-1,,alex,2053705,60000000,0.99,5161170920,1,0,0,0,0,0,0,0,0,1866,100,0,0,0,0,64,200000000,21
20250116163715,0,1,0,0,0,datasets/fb-1,,alex,1234121,60000000,0.99,4666979656,1,0,0,0,0,0,0,0,0,1866,100,0,0,0,0,64,200000000,22
20250116163856,1,0,0,0,0,datasets/fb-1,,alex,1985653,60000000,0.99,4666979656,1,0,0,0,0,0,0,0,0,1866,100,0,0,0,0,64,200000000,22
20250116164048,0,1,0,0,0,datasets/fb-1,,alex,3603180,80000000,0.99,5105005424,1,0,0,0,0,0,0,0,0,1866,100,0,0,0,0,64,200000000,21
20250116164240,1,0,0,0,0,datasets/fb-1,,alex,1794280,80000000,0.99,5105005424,1,0,0,0,0,0,0,0,0,1866,100,0,0,0,0,64,200000000,21
20250116164539,0,1,0,0,0,datasets/fb-1,,alex,1060908,80000000,0.99,4675548360,1,0,0,0,0,0,0,0,0,1866,100,0,0,0,0,64,200000000,22
20250116164731,1,0,0,0,0,datasets/fb-1,,alex,1774454,80000000,0.99,4675548360,1,0,0,0,0,0,0,0,0,1866,100,0,0,0,0,64,200000000,22
20250116164947,0,1,0,0,0,datasets/fb-1,,alex,4510418,120000000,0.99,5000497920,1,0,0,0,0,0,0,0,0,1866,100,0,0,0,0,64,200000000,21
20250116165129,1,0,0,0,0,datasets/fb-1,,alex,1957672,120000000,0.99,5000497920,1,0,0,0,0,0,0,0,0,1866,100,0,0,0,0,64,200000000,21
20250116165426,0,1,0,0,0,datasets/fb-1,,alex,1176124,120000000,0.99,4996410368,1,0,0,0,0,0,0,0,0,1866,100,0,0,0,0,64,200000000,22
20250116165607,1,0,0,0,0,datasets/fb-1,,alex,1972084,120000000,0.99,4996410368,1,0,0,0,0,0,0,0,0,1866,100,0,0,0,0,64,200000000,22
20250116165816,0,1,0,0,0,datasets/fb-1,,alex,4197240,140000000,0.99,4795318864,1,0,0,0,0,0,0,0,0,1866,100,0,0,0,0,64,200000000,21
20250116170003,1,0,0,0,0,datasets/fb-1,,alex,1854896,140000000,0.99,4795318864,1,0,0,0,0,0,0,0,0,1866,100,0,0,0,0,64,200000000,21
20250116170245,0,1,0,0,0,datasets/fb-1,,alex,1110837,140000000,0.99,4625762512,1,0,0,0,0,0,0,0,0,1866,100,0,0,0,0,64,200000000,22
20250116170433,1,0,0,0,0,datasets/fb-1,,alex,1861305,140000000,0.99,4625762512,1,0,0,0,0,0,0,0,0,1866,100,0,0,0,0,64,200000000,22
20250116170655,0,1,0,0,0,datasets/fb-1,,alex,3403010,160000000,0.99,5013156576,1,0,0,0,0,0,0,0,0,1866,100,0,0,0,0,64,200000000,21
20250116170845,1,0,0,0,0,datasets/fb-1,,alex,1827899,160000000,0.99,5013156576,1,0,0,0,0,0,0,0,0,1866,100,0,0,0,0,64,200000000,21
20250116171132,0,1,0,0,0,datasets/fb-1,,alex,1010200,160000000,0.99,4952336664,1,0,0,0,0,0,0,0,0,1866,100,0,0,0,0,64,200000000,22
20250116171322,1,0,0,0,0,datasets/fb-1,,alex,1805104,160000000,0.99,4952336664,1,0,0,0,0,0,0,0,0,1866,100,0,0,0,0,64,200000000,22
20250116171429,0,1,0,0,0,datasets/fb-1,,alex,6065045,40000000,0.99,5032255424,1,0,0,0,0,0,0,0,0,1866,100,0,0,0,0,64,200000000,41
20250116171624,1,0,0,0,0,datasets/fb-1,,alex,1733171,40000000,0.99,5032255424,1,0,0,0,0,0,0,0,0,1866,100,0,0,0,0,64,200000000,41
20250116171947,0,1,0,0,0,datasets/fb-1,,alex,1061172,40000000,0.99,37007992536,1,0,0,0,0,0,0,0,0,1866,100,0,0,0,0,64,200000000,42
20250116172105,1,0,0,0,0,datasets/fb-1,,alex,2729415,40000000,0.99,37007992536,1,0,0,0,0,0,0,0,0,1866,100,0,0,0,0,64,200000000,42
20250116172226,0,1,0,0,0,datasets/fb-1,,alex,6050781,60000000,0.99,4975675520,1,0,0,0,0,0,0,0,0,1866,100,0,0,0,0,64,200000000,41
20250116172410,1,0,0,0,0,datasets/fb-1,,alex,1931455,60000000,0.99,4975675520,1,0,0,0,0,0,0,0,0,1866,100,0,0,0,0,64,200000000,41
20250116172654,0,1,0,0,0,datasets/fb-1,,alex,1253036,60000000,0.99,4792094128,1,0,0,0,0,0,0,0,0,1866,100,0,0,0,0,64,200000000,42
20250116172817,1,0,0,0,0,datasets/fb-1,,alex,2431474,60000000,0.99,4792094128,1,0,0,0,0,0,0,0,0,1866,100,0,0,0,0,64,200000000,42
20250116172928,0,1,0,0,0,datasets/fb-1,,alex,6035570,80000000,0.99,4932277624,1,0,0,0,0,0,0,0,0,1866,100,0,0,0,0,64,200000000,41
20250116173122,1,0,0,0,0,datasets/fb-1,,alex,1753489,80000000,0.99,4932277624,1,0,0,0,0,0,0,0,0,1866,100,0,0,0,0,64,200000000,41
20250116173351,0,1,0,0,0,datasets/fb-1,,alex,1288484,80000000,0.99,4779483024,1,0,0,0,0,0,0,0,0,1866,100,0,0,0,0,64,200000000,42
20250116173523,1,0,0,0,0,datasets/fb-1,,alex,2190255,80000000,0.99,4779483024,1,0,0,0,0,0,0,0,0,1866,100,0,0,0,0,64,200000000,42
20250116173638,0,1,0,0,0,datasets/fb-1,,alex,6074423,120000000,0.99,4847513016,1,0,0,0,0,0,0,0,0,1866,100,0,0,0,0,64,200000000,41
20250116173818,1,0,0,0,0,datasets/fb-1,,alex,1989815,120000000,0.99,4847513016,1,0,0,0,0,0,0,0,0,1866,100,0,0,0,0,64,200000000,41
20250116174050,0,1,0,0,0,datasets/fb-1,,alex,984368,120000000,0.99,36962093912,1,0,0,0,0,0,0,0,0,1866,100,0,0,0,0,64,200000000,42
20250116174223,1,0,0,0,0,datasets/fb-1,,alex,2270525,120000000,0.99,36962093912,1,0,0,0,0,0,0,0,0,1866,100,0,0,0,0,64,200000000,42
20250116174347,0,1,0,0,0,datasets/fb-1,,alex,6086904,140000000,0.99,4809534168,1,0,0,0,0,0,0,0,0,1866,100,0,0,0,0,64,200000000,41
20250116174529,1,0,0,0,0,datasets/fb-1,,alex,1959014,140000000,0.99,4809534168,1,0,0,0,0,0,0,0,0,1866,100,0,0,0,0,64,200000000,41
20250116174718,0,1,0,0,0,datasets/fb-1,,alex,1388292,140000000,0.99,4744352056,1,0,0,0,0,0,0,0,0,1866,100,0,0,0,0,64,200000000,42
20250116174856,1,0,0,0,0,datasets/fb-1,,alex,2046527,140000000,0.99,4744352056,1,0,0,0,0,0,0,0,0,1866,100,0,0,0,0,64,200000000,42
20250116175010,0,1,0,0,0,datasets/fb-1,,alex,6030698,160000000,0.99,4772866512,1,0,0,0,0,0,0,0,0,1866,100,0,0,0,0,64,200000000,41
20250116175151,1,0,0,0,0,datasets/fb-1,,alex,1989382,160000000,0.99,4772866512,1,0,0,0,0,0,0,0,0,1866,100,0,0,0,0,64,200000000,41
20250116175327,0,1,0,0,0,datasets/fb-1,,alex,1474598,160000000,0.99,4726262184,1,0,0,0,0,0,0,0,0,1866,100,0,0,0,0,64,200000000,42
20250116175507,1,0,0,0,0,datasets/fb-1,,alex,1998088,160000000,0.99,4726262184,1,0,0,0,0,0,0,0,0,1866,100,0,0,0,0,64,200000000,42
20250116175650,0,1,0,0,0,datasets/osm,,alex,4115987,40000000,0.99,5055437240,1,0,0,0,0,0,0,0,0,1866,100,0,0,0,0,64,200000000,21
20250116175806,1,0,0,0,0,datasets/osm,,alex,2633627,40000000,0.99,5055437240,1,0,0,0,0,0,0,0,0,1866,100,0,0,0,0,64,200000000,21
20250116180048,0,1,0,0,0,datasets/osm,,alex,1366406,40000000,0.99,4951942464,1,0,0,0,0,0,0,0,0,1866,100,0,0,0,0,64,200000000,22
20250116180157,1,0,0,0,0,datasets/osm,,alex,2911781,40000000,0.99,4951942464,1,0,0,0,0,0,0,0,0,1866,100,0,0,0,0,64,200000000,22
20250116180342,0,1,0,0,0,datasets/osm,,alex,4126822,60000000,0.99,5023034168,1,0,0,0,0,0,0,0,0,1866,100,0,0,0,0,64,200000000,21
20250116180458,1,0,0,0,0,datasets/osm,,alex,2642518,60000000,0.99,5023034168,1,0,0,0,0,0,0,0,0,1866,100,0,0,0,0,64,200000000,21
20250116180734,0,1,0,0,0,datasets/osm,,alex,1385355,60000000,0.99,4543218312,1,0,0,0,0,0,0,0,0,1866,100,0,0,0,0,64,200000000,22
20250116180844,1,0,0,0,0,datasets/osm,,alex,2877529,60000000,0.99,4543218312,1,0,0,0,0,0,0,0,0,1866,100,0,0,0,0,64,200000000,22
20250116181030,0,1,0,0,0,datasets/osm,,alex,4207341,80000000,0.99,4959271416,1,0,0,0,0,0,0,0,0,1866,100,0,0,0,0,64,200000000,21
20250116181145,1,0,0,0,0,datasets/osm,,alex,2668721,80000000,0.99,4959271416,1,0,0,0,0,0,0,0,0,1866,100,0,0,0,0,64,200000000,21
20250116181414,0,1,0,0,0,datasets/osm,,alex,1429616,80000000,0.99,4513540352,1,0,0,0,0,0,0,0,0,1866,100,0,0,0,0,64,200000000,22
20250116181522,1,0,0,0,0,datasets/osm,,alex,2916513,80000000,0.99,4513540352,1,0,0,0,0,0,0,0,0,1866,100,0,0,0,0,64,200000000,22
20250116181714,0,1,0,0,0,datasets/osm,,alex,4474017,120000000,0.99,4911538544,1,0,0,0,0,0,0,0,0,1866,100,0,0,0,0,64,200000000,21
20250116181826,1,0,0,0,0,datasets/osm,,alex,2762694,120000000,0.99,4911538544,1,0,0,0,0,0,0,0,0,1866,100,0,0,0,0,64,200000000,21
20250116182049,0,1,0,0,0,datasets/osm,,alex,1372349,120000000,0.99,4955720064,1,0,0,0,0,0,0,0,0,1866,100,0,0,0,0,64,200000000,22
20250116182156,1,0,0,0,0,datasets/osm,,alex,2986575,120000000,0.99,4955720064,1,0,0,0,0,0,0,0,0,1866,100,0,0,0,0,64,200000000,22
20250116182350,0,1,0,0,0,datasets/osm,,alex,4751293,140000000,0.99,4673172848,1,0,0,0,0,0,0,0,0,1866,100,0,0,0,0,64,200000000,21
20250116182501,1,0,0,0,0,datasets/osm,,alex,2818081,140000000,0.99,4673172848,1,0,0,0,0,0,0,0,0,1866,100,0,0,0,0,64,200000000,21
20250116182721,0,1,0,0,0,datasets/osm,,alex,1361574,140000000,0.99,4460294336,1,0,0,0,0,0,0,0,0,1866,100,0,0,0,0,64,200000000,22
20250116182829,1,0,0,0,0,datasets/osm,,alex,2944742,140000000,0.99,4460294336,1,0,0,0,0,0,0,0,0,1866,100,0,0,0,0,64,200000000,22
20250116183028,0,1,0,0,0,datasets/osm,,alex,4300703,160000000,0.99,4934002816,1,0,0,0,0,0,0,0,0,1866,100,0,0,0,0,64,200000000,21
20250116183137,1,0,0,0,0,datasets/osm,,alex,2882087,160000000,0.99,4934002816,1,0,0,0,0,0,0,0,0,1866,100,0,0,0,0,64,200000000,21
20250116183353,0,1,0,0,0,datasets/osm,,alex,1299963,160000000,0.99,4954191384,1,0,0,0,0,0,0,0,0,1866,100,0,0,0,0,64,200000000,22
20250116183502,1,0,0,0,0,datasets/osm,,alex,2908691,160000000,0.99,4954191384,1,0,0,0,0,0,0,0,0,1866,100,0,0,0,0,64,200000000,22
20250116183610,0,1,0,0,0,datasets/osm,,alex,6116017,40000000,0.99,5015866528,1,0,0,0,0,0,0,0,0,1866,100,0,0,0,0,64,200000000,41
20250116183743,1,0,0,0,0,datasets/osm,,alex,2141662,40000000,0.99,5015866528,1,0,0,0,0,0,0,0,0,1866,100,0,0,0,0,64,200000000,41
20250116184027,0,1,0,0,0,datasets/osm,,alex,1396017,40000000,0.99,4786665392,1,0,0,0,0,0,0,0,0,1866,100,0,0,0,0,64,200000000,42
20250116184136,1,0,0,0,0,datasets/osm,,alex,2869375,40000000,0.99,4786665392,1,0,0,0,0,0,0,0,0,1866,100,0,0,0,0,64,200000000,42
20250116184249,0,1,0,0,0,datasets/osm,,alex,6140693,60000000,0.99,4987042632,1,0,0,0,0,0,0,0,0,1866,100,0,0,0,0,64,200000000,41
20250116184421,1,0,0,0,0,datasets/osm,,alex,2171682,60000000,0.99,4987042632,1,0,0,0,0,0,0,0,0,1866,100,0,0,0,0,64,200000000,41
20250116184655,0,1,0,0,0,datasets/osm,,alex,1424591,60000000,0.99,4783986152,1,0,0,0,0,0,0,0,0,1866,100,0,0,0,0,64,200000000,42
20250116184804,1,0,0,0,0,datasets/osm,,alex,2893550,60000000,0.99,4783986152,1,0,0,0,0,0,0,0,0,1866,100,0,0,0,0,64,200000000,42
20250116184922,0,1,0,0,0,datasets/osm,,alex,6171068,80000000,0.99,4930379824,1,0,0,0,0,0,0,0,0,1866,100,0,0,0,0,64,200000000,41
20250116185051,1,0,0,0,0,datasets/osm,,alex,2257406,80000000,0.99,4930379824,1,0,0,0,0,0,0,0,0,1866,100,0,0,0,0,64,200000000,41
20250116185317,0,1,0,0,0,datasets/osm,,alex,1463555,80000000,0.99,4759667064,1,0,0,0,0,0,0,0,0,1866,100,0,0,0,0,64,200000000,42
20250116185428,1,0,0,0,0,datasets/osm,,alex,2836640,80000000,0.99,4759667064,1,0,0,0,0,0,0,0,0,1866,100,0,0,0,0,64,200000000,42
20250116185556,0,1,0,0,0,datasets/osm,,alex,6158129,120000000,0.99,4874129464,1,0,0,0,0,0,0,0,0,1866,100,0,0,0,0,64,200000000,41
20250116185723,1,0,0,0,0,datasets/osm,,alex,2290430,120000000,0.99,4874129464,1,0,0,0,0,0,0,0,0,1866,100,0,0,0,0,64,200000000,41
20250116185932,0,1,0,0,0,datasets/osm,,alex,1584558,120000000,0.99,4742707576,1,0,0,0,0,0,0,0,0,1866,100,0,0,0,0,64,200000000,42
20250116190043,1,0,0,0,0,datasets/osm,,alex,2816963,120000000,0.99,4742707576,1,0,0,0,0,0,0,0,0,1866,100,0,0,0,0,64,200000000,42
20250116190215,0,1,0,0,0,datasets/osm,,alex,6088039,140000000,0.99,4833424840,1,0,0,0,0,0,0,0,0,1866,100,0,0,0,0,64,200000000,41
20250116190342,1,0,0,0,0,datasets/osm,,alex,2299506,140000000,0.99,4833424840,1,0,0,0,0,0,0,0,0,1866,100,0,0,0,0,64,200000000,41
20250116190544,0,1,0,0,0,datasets/osm,,alex,1641604,140000000,0.99,4734375128,1,0,0,0,0,0,0,0,0,1866,100,0,0,0,0,64,200000000,42
20250116190656,1,0,0,0,0,datasets/osm,,alex,2782024,140000000,0.99,4734375128,1,0,0,0,0,0,0,0,0,1866,100,0,0,0,0,64,200000000,42
20250116190833,0,1,0,0,0,datasets/osm,,alex,6107172,160000000,0.99,4774691880,1,0,0,0,0,0,0,0,0,1866,100,0,0,0,0,64,200000000,41
20250116190951,1,0,0,0,0,datasets/osm,,alex,2582281,160000000,0.99,4774691880,1,0,0,0,0,0,0,0,0,1866,100,0,0,0,0,64,200000000,41
20250116191146,0,1,0,0,0,datasets/osm,,alex,1724298,160000000,0.99,4722155504,1,0,0,0,0,0,0,0,0,1866,100,0,0,0,0,64,200000000,42
20250116191301,1,0,0,0,0,datasets/osm,,alex,2677538,160000000,0.99,4722155504,1,0,0,0,0,0,0,0,0,1866,100,0,0,0,0,64,200000000,42
20250116191419,0,1,0,0,0,datasets/linear,,lipp,10704208,40000000,0.99,19411151380,1,0,0,0,0,0,0,0,0,1866,100,0,0,0,0,64,200000000,21
20250116191456,1,0,0,0,0,datasets/linear,,lipp,5525114,40000000,0.99,19411151380,1,0,0,0,0,0,0,0,0,1866,100,0,0,0,0,64,200000000,21
20250116191642,0,1,0,0,0,datasets/linear,,lipp,3478946,40000000,0.99,19411151380,1,0,0,0,0,0,0,0,0,1866,100,0,0,0,0,64,200000000,22
20250116191727,1,0,0,0,0,datasets/linear,,lipp,5525119,40000000,0.99,19411151380,1,0,0,0,0,0,0,0,0,1866,100,0,0,0,0,64,200000000,22
20250116191956,0,1,0,0,0,datasets/linear,,lipp,10092154,60000000,0.99,20000015466,1,0,0,0,0,0,0,0,0,1866,100,0,0,0,0,64,200000000,21
20250116192032,1,0,0,0,0,datasets/linear,,lipp,5845624,60000000,0.99,20000015466,1,0,0,0,0,0,0,0,0,1866,100,0,0,0,0,64,200000000,21
20250116192203,0,1,0,0,0,datasets/linear,,lipp,4907089,60000000,0.99,20000015466,1,0,0,0,0,0,0,0,0,1866,100,0,0,0,0,64,200000000,22
20250116192246,1,0,0,0,0,datasets/linear,,lipp,5821803,60000000,0.99,20000015466,1,0,0,0,0,0,0,0,0,1866,100,0,0,0,0,64,200000000,22
20250116192507,0,1,0,0,0,datasets/linear,,lipp,16381283,80000000,0.99,11600027670,1,0,0,0,0,0,0,0,0,1866,100,0,0,0,0,64,200000000,21
20250116192535,1,0,0,0,0,datasets/linear,,lipp,7448524,80000000,0.99,11600027670,1,0,0,0,0,0,0,0,0,1866,100,0,0,0,0,64,200000000,21
20250116192647,0,1,0,0,0,datasets/linear,,lipp,7041661,80000000,0.99,11600027670,1,0,0,0,0,0,0,0,0,1866,100,0,0,0,0,64,200000000,22
20250116192718,1,0,0,0,0,datasets/linear,,lipp,7478892,80000000,0.99,11600027670,1,0,0,0,0,0,0,0,0,1866,100,0,0,0,0,64,200000000,22
20250116192849,0,1,0,0,0,datasets/linear,,lipp,74519559,120000000,0.99,3840000098,1,0,0,0,0,0,0,0,0,1866,100,0,0,0,0,64,200000000,21
20250116192900,1,0,0,0,0,datasets/linear,,lipp,17918984,120000000,0.99,3840000098,1,0,0,0,0,0,0,0,0,1866,100,0,0,0,0,64,200000000,21
20250116192956,0,1,0,0,0,datasets/linear,,lipp,14003249,120000000,0.99,3840000098,1,0,0,0,0,0,0,0,0,1866,100,0,0,0,0,64,200000000,22
20250116193008,1,0,0,0,0,datasets/linear,,lipp,17687767,120000000,0.99,3840000098,1,0,0,0,0,0,0,0,0,1866,100,0,0,0,0,64,200000000,22
20250116193109,0,1,0,0,0,datasets/linear,,lipp,63335927,140000000,0.99,4480000098,1,0,0,0,0,0,0,0,0,1866,100,0,0,0,0,64,200000000,21
20250116193120,1,0,0,0,0,datasets/linear,,lipp,17373359,140000000,0.99,4480000098,1,0,0,0,0,0,0,0,0,1866,100,0,0,0,0,64,200000000,21
20250116193218,0,1,0,0,0,datasets/linear,,lipp,14547371,140000000,0.99,4480000098,1,0,0,0,0,0,0,0,0,1866,100,0,0,0,0,64,200000000,22
20250116193229,1,0,0,0,0,datasets/linear,,lipp,17746524,140000000,0.99,4480000098,1,0,0,0,0,0,0,0,0,1866,100,0,0,0,0,64,200000000,22
20250116193330,0,1,0,0,0,datasets/linear,,lipp,38729184,160000000,0.99,5120000098,1,0,0,0,0,0,0,0,0,1866,100,0,0,0,0,64,200000000,21
20250116193342,1,0,0,0,0,datasets/linear,,lipp,16921853,160000000,0.99,5120000098,1,0,0,0,0,0,0,0,0,1866,100,0,0,0,0,64,200000000,21
20250116193441,0,1,0,0,0,datasets/linear,,lipp,14283342,160000000,0.99,5120000098,1,0,0,0,0,0,0,0,0,1866,100,0,0,0,0,64,200000000,22
20250116193453,1,0,0,0,0,datasets/linear,,lipp,16862955,160000000,0.99,5120000098,1,0,0,0,0,0,0,0,0,1866,100,0,0,0,0,64,200000000,22
20250116194022,0,1,0,0,0,datasets/linear,,lipp,552823,40000000,0.99,6414300422,1,0,0,0,0,0,0,0,0,1866,100,0,0,0,0,64,200000000,41
20250116194333,1,0,0,0,0,datasets/linear,,lipp,1049848,40000000,0.99,6414300422,1,0,0,0,0,0,0,0,0,1866,100,0,0,0,0,64,200000000,41
20250116194638,0,1,0,0,0,datasets/linear,,lipp,1153478,40000000,0.99,14691119876,1,0,0,0,0,0,0,0,0,1866,100,0,0,0,0,64,200000000,42
20250116194717,1,0,0,0,0,datasets/linear,,lipp,5362751,40000000,0.99,14691119876,1,0,0,0,0,0,0,0,0,1866,100,0,0,0,0,64,200000000,42
20250116195221,0,1,0,0,0,datasets/linear,,lipp,613913,60000000,0.99,6409364294,1,0,0,0,0,0,0,0,0,1866,100,0,0,0,0,64,200000000,41
20250116195449,1,0,0,0,0,datasets/linear,,lipp,1358660,60000000,0.99,6409364294,1,0,0,0,0,0,0,0,0,1866,100,0,0,0,0,64,200000000,41
20250116195746,0,1,0,0,0,datasets/linear,,lipp,1072140,60000000,0.99,15121154460,1,0,0,0,0,0,0,0,0,1866,100,0,0,0,0,64,200000000,42
20250116195821,1,0,0,0,0,datasets/linear,,lipp,5841521,60000000,0.99,15121154460,1,0,0,0,0,0,0,0,0,1866,100,0,0,0,0,64,200000000,42
20250116200233,0,1,0,0,0,datasets/linear,,lipp,690576,80000000,0.99,6410721132,1,0,0,0,0,0,0,0,0,1866,100,0,0,0,0,64,200000000,41
20250116200424,1,0,0,0,0,datasets/linear,,lipp,1803677,80000000,0.99,6410721132,1,0,0,0,0,0,0,0,0,1866,100,0,0,0,0,64,200000000,41
20250116200649,0,1,0,0,0,datasets/linear,,lipp,1298695,80000000,0.99,13309452404,1,0,0,0,0,0,0,0,0,1866,100,0,0,0,0,64,200000000,42
20250116200814,1,0,0,0,0,datasets/linear,,lipp,2613663,80000000,0.99,13309452404,1,0,0,0,0,0,0,0,0,1866,100,0,0,0,0,64,200000000,42
20250116201108,0,1,0,0,0,datasets/linear,,lipp,898474,120000000,0.99,6407141176,1,0,0,0,0,0,0,0,0,1866,100,0,0,0,0,64,200000000,41
20250116201205,1,0,0,0,0,datasets/linear,,lipp,3540807,120000000,0.99,6407141176,1,0,0,0,0,0,0,0,0,1866,100,0,0,0,0,64,200000000,41
20250116201349,0,1,0,0,0,datasets/linear,,lipp,1451058,120000000,0.99,10939239358,1,0,0,0,0,0,0,0,0,1866,100,0,0,0,0,64,200000000,42
20250116201448,1,0,0,0,0,datasets/linear,,lipp,3705181,120000000,0.99,10939239358,1,0,0,0,0,0,0,0,0,1866,100,0,0,0,0,64,200000000,42
20250116201654,0,1,0,0,0,datasets/linear,,lipp,1041502,140000000,0.99,6408497916,1,0,0,0,0,0,0,0,0,1866,100,0,0,0,0,64,200000000,41
20250116201735,1,0,0,0,0,datasets/linear,,lipp,4962325,140000000,0.99,6408497916,1,0,0,0,0,0,0,0,0,1866,100,0,0,0,0,64,200000000,41
20250116201859,0,1,0,0,0,datasets/linear,,lipp,1610407,140000000,0.99,9782949610,1,0,0,0,0,0,0,0,0,1866,100,0,0,0,0,64,200000000,42
20250116201945,1,0,0,0,0,datasets/linear,,lipp,4740774,140000000,0.99,9782949610,1,0,0,0,0,0,0,0,0,1866,100,0,0,0,0,64,200000000,42
20250116202119,0,1,0,0,0,datasets/linear,,lipp,1222866,160000000,0.99,6403562210,1,0,0,0,0,0,0,0,0,1866,100,0,0,0,0,64,200000000,41
20250116202144,1,0,0,0,0,datasets/linear,,lipp,8088456,160000000,0.99,6403562210,1,0,0,0,0,0,0,0,0,1866,100,0,0,0,0,64,200000000,41
20250116202251,0,1,0,0,0,datasets/linear,,lipp,1847168,160000000,0.99,8678631186,1,0,0,0,0,0,0,0,0,1866,100,0,0,0,0,64,200000000,42
20250116202324,1,0,0,0,0,datasets/linear,,lipp,6524555,160000000,0.99,8678631186,1,0,0,0,0,0,0,0,0,1866,100,0,0,0,0,64,200000000,42
20250116202501,0,1,0,0,0,datasets/covid,,lipp,9567319,40000000,0.99,20714516960,1,0,0,0,0,0,0,0,0,1866,100,0,0,0,0,64,200000000,21
20250116202551,1,0,0,0,0,datasets/covid,,lipp,4250631,40000000,0.99,20714516960,1,0,0,0,0,0,0,0,0,1866,100,0,0,0,0,64,200000000,21
20250116202759,0,1,0,0,0,datasets/covid,,lipp,2678942,40000000,0.99,19641892680,1,0,0,0,0,0,0,0,0,1866,100,0,0,0,0,64,200000000,22
20250116202901,1,0,0,0,0,datasets/covid,,lipp,4051913,40000000,0.99,19641892680,1,0,0,0,0,0,0,0,0,1866,100,0,0,0,0,64,200000000,22
20250116203136,0,1,0,0,0,datasets/covid,,lipp,9884169,60000000,0.99,19640247286,1,0,0,0,0,0,0,0,0,1866,100,0,0,0,0,64,200000000,21
20250116203220,1,0,0,0,0,datasets/covid,,lipp,4806264,60000000,0.99,19640247286,1,0,0,0,0,0,0,0,0,1866,100,0,0,0,0,64,200000000,21
20250116203415,0,1,0,0,0,datasets/covid,,lipp,3056048,60000000,0.99,19037483364,1,0,0,0,0,0,0,0,0,1866,100,0,0,0,0,64,200000000,22
20250116203508,1,0,0,0,0,datasets/covid,,lipp,4616604,60000000,0.99,19037483364,1,0,0,0,0,0,0,0,0,1866,100,0,0,0,0,64,200000000,22
20250116203730,0,1,0,0,0,datasets/covid,,lipp,10044250,80000000,0.99,18789371148,1,0,0,0,0,0,0,0,0,1866,100,0,0,0,0,64,200000000,21
20250116203811,1,0,0,0,0,datasets/covid,,lipp,5093285,80000000,0.99,18789371148,1,0,0,0,0,0,0,0,0,1866,100,0,0,0,0,64,200000000,21
20250116203958,0,1,0,0,0,datasets/covid,,lipp,3300983,80000000,0.99,18452195420,1,0,0,0,0,0,0,0,0,1866,100,0,0,0,0,64,200000000,22
20250116204046,1,0,0,0,0,datasets/covid,,lipp,4963783,80000000,0.99,18452195420,1,0,0,0,0,0,0,0,0,1866,100,0,0,0,0,64,200000000,22
20250116204255,0,1,0,0,0,datasets/covid,,lipp,10223086,120000000,0.99,17828824164,1,0,0,0,0,0,0,0,0,1866,100,0,0,0,0,64,200000000,21
20250116204337,1,0,0,0,0,datasets/covid,,lipp,4991937,120000000,0.99,17828824164,1,0,0,0,0,0,0,0,0,1866,100,0,0,0,0,64,200000000,21
20250116204511,0,1,0,0,0,datasets/covid,,lipp,3736359,120000000,0.99,17730866724,1,0,0,0,0,0,0,0,0,1866,100,0,0,0,0,64,200000000,22
20250116204554,1,0,0,0,0,datasets/covid,,lipp,5378891,120000000,0.99,17730866724,1,0,0,0,0,0,0,0,0,1866,100,0,0,0,0,64,200000000,22
20250116204744,0,1,0,0,0,datasets/covid,,lipp,9929878,140000000,0.99,17653771898,1,0,0,0,0,0,0,0,0,1866,100,0,0,0,0,64,200000000,21
20250116204822,1,0,0,0,0,datasets/covid,,lipp,5549182,140000000,0.99,17653771898,1,0,0,0,0,0,0,0,0,1866,100,0,0,0,0,64,200000000,21
20250116204952,0,1,0,0,0,datasets/covid,,lipp,3909434,140000000,0.99,17607011368,1,0,0,0,0,0,0,0,0,1866,100,0,0,0,0,64,200000000,22
20250116205035,1,0,0,0,0,datasets/covid,,lipp,5419351,140000000,0.99,17607011368,1,0,0,0,0,0,0,0,0,1866,100,0,0,0,0,64,200000000,22
20250116205216,0,1,0,0,0,datasets/covid,,lipp,9173589,160000000,0.99,17634574478,1,0,0,0,0,0,0,0,0,1866,100,0,0,0,0,64,200000000,21
20250116205253,1,0,0,0,0,datasets/covid,,lipp,5674305,160000000,0.99,17634574478,1,0,0,0,0,0,0,0,0,1866,100,0,0,0,0,64,200000000,21
20250116205420,0,1,0,0,0,datasets/covid,,lipp,3951278,160000000,0.99,17616427130,1,0,0,0,0,0,0,0,0,1866,100,0,0,0,0,64,200000000,22
20250116205500,1,0,0,0,0,datasets/covid,,lipp,5643100,160000000,0.99,17616427130,1,0,0,0,0,0,0,0,0,1866,100,0,0,0,0,64,200000000,22
20250116210255,0,1,0,0,0,datasets/covid,,lipp,389615,40000000,0.99,17644423102,1,0,0,0,0,0,0,0,0,1866,100,0,0,0,0,64,200000000,41
20250116210724,1,0,0,0,0,datasets/covid,,lipp,749833,40000000,0.99,17644423102,1,0,0,0,0,0,0,0,0,1866,100,0,0,0,0,64,200000000,41
20250116211047,0,1,0,0,0,datasets/covid,,lipp,1163749,40000000,0.99,20735086824,1,0,0,0,0,0,0,0,0,1866,100,0,0,0,0,64,200000000,42
20250116211205,1,0,0,0,0,datasets/covid,,lipp,2796863,40000000,0.99,20735086824,1,0,0,0,0,0,0,0,0,1866,100,0,0,0,0,64,200000000,42
20250116211903,0,1,0,0,0,datasets/covid,,lipp,426995,60000000,0.99,17670559500,1,0,0,0,0,0,0,0,0,1866,100,0,0,0,0,64,200000000,41
20250116212239,1,0,0,0,0,datasets/covid,,lipp,933923,60000000,0.99,17670559500,1,0,0,0,0,0,0,0,0,1866,100,0,0,0,0,64,200000000,41
20250116212545,0,1,0,0,0,datasets/covid,,lipp,1162879,60000000,0.99,20793205728,1,0,0,0,0,0,0,0,0,1866,100,0,0,0,0,64,200000000,42
20250116212704,1,0,0,0,0,datasets/covid,,lipp,2775037,60000000,0.99,20793205728,1,0,0,0,0,0,0,0,0,1866,100,0,0,0,0,64,200000000,42
20250116213251,0,1,0,0,0,datasets/covid,,lipp,468572,80000000,0.99,17682561550,1,0,0,0,0,0,0,0,0,1866,100,0,0,0,0,64,200000000,41
20250116213545,1,0,0,0,0,datasets/covid,,lipp,1168519,80000000,0.99,17682561550,1,0,0,0,0,0,0,0,0,1866,100,0,0,0,0,64,200000000,41
20250116213832,0,1,0,0,0,datasets/covid,,lipp,1186922,80000000,0.99,20489635446,1,0,0,0,0,0,0,0,0,1866,100,0,0,0,0,64,200000000,42
20250116213955,1,0,0,0,0,datasets/covid,,lipp,2631041,80000000,0.99,20489635446,1,0,0,0,0,0,0,0,0,1866,100,0,0,0,0,64,200000000,42
20250116214344,0,1,0,0,0,datasets/covid,,lipp,587612,120000000,0.99,17706676182,1,0,0,0,0,0,0,0,0,1866,100,0,0,0,0,64,200000000,41
20250116214530,1,0,0,0,0,datasets/covid,,lipp,1924879,120000000,0.99,17706676182,1,0,0,0,0,0,0,0,0,1866,100,0,0,0,0,64,200000000,41
20250116214736,0,1,0,0,0,datasets/covid,,lipp,1349057,120000000,0.99,19272413402,1,0,0,0,0,0,0,0,0,1866,100,0,0,0,0,64,200000000,42
20250116214858,1,0,0,0,0,datasets/covid,,lipp,2675627,120000000,0.99,19272413402,1,0,0,0,0,0,0,0,0,1866,100,0,0,0,0,64,200000000,42
20250116215157,0,1,0,0,0,datasets/covid,,lipp,664361,140000000,0.99,17780356490,1,0,0,0,0,0,0,0,0,1866,100,0,0,0,0,64,200000000,41
20250116215320,1,0,0,0,0,datasets/covid,,lipp,2488273,140000000,0.99,17780356490,1,0,0,0,0,0,0,0,0,1866,100,0,0,0,0,64,200000000,41
20250116215506,0,1,0,0,0,datasets/covid,,lipp,1474616,140000000,0.99,18857320262,1,0,0,0,0,0,0,0,0,1866,100,0,0,0,0,64,200000000,42
20250116215616,1,0,0,0,0,datasets/covid,,lipp,3079607,140000000,0.99,18857320262,1,0,0,0,0,0,0,0,0,1866,100,0,0,0,0,64,200000000,42
20250116215832,0,1,0,0,0,datasets/covid,,lipp,760933,160000000,0.99,17788891246,1,0,0,0,0,0,0,0,0,1866,100,0,0,0,0,64,200000000,41
20250116215933,1,0,0,0,0,datasets/covid,,lipp,3368022,160000000,0.99,17788891246,1,0,0,0,0,0,0,0,0,1866,100,0,0,0,0,64,200000000,41
20250116220101,0,1,0,0,0,datasets/covid,,lipp,1666266,160000000,0.99,18469654804,1,0,0,0,0,0,0,0,0,1866,100,0,0,0,0,64,200000000,42
20250116220159,1,0,0,0,0,datasets/covid,,lipp,3772368,160000000,0.99,18469654804,1,0,0,0,0,0,0,0,0,1866,100,0,0,0,0,64,200000000,42
20250116220330,0,1,0,0,0,datasets/fb-1,,lipp,8626880,40000000,0.99,20620272678,1,0,0,0,0,0,0,0,0,1866,100,0,0,0,0,64,200000000,21
20250116220448,1,0,0,0,0,datasets/fb-1,,lipp,2681545,40000000,0.99,20620272678,1,0,0,0,0,0,0,0,0,1866,100,0,0,0,0,64,200000000,21
20250116220725,0,1,0,0,0,datasets/fb-1,,lipp,1533089,40000000,0.99,19540065256,1,0,0,0,0,0,0,0,0,1866,100,0,0,0,0,64,200000000,22
20250116220855,1,0,0,0,0,datasets/fb-1,,lipp,2639422,40000000,0.99,19540065256,1,0,0,0,0,0,0,0,0,1866,100,0,0,0,0,64,200000000,22
20250116221105,0,1,0,0,0,datasets/fb-1,,lipp,8924905,60000000,0.99,20477967100,1,0,0,0,0,0,0,0,0,1866,100,0,0,0,0,64,200000000,21
20250116221214,1,0,0,0,0,datasets/fb-1,,lipp,3047675,60000000,0.99,20477967100,1,0,0,0,0,0,0,0,0,1866,100,0,0,0,0,64,200000000,21
20250116221434,0,1,0,0,0,datasets/fb-1,,lipp,1633350,60000000,0.99,19720670930,1,0,0,0,0,0,0,0,0,1866,100,0,0,0,0,64,200000000,22
20250116221553,1,0,0,0,0,datasets/fb-1,,lipp,2933802,60000000,0.99,19720670930,1,0,0,0,0,0,0,0,0,1866,100,0,0,0,0,64,200000000,22
20250116221753,0,1,0,0,0,datasets/fb-1,,lipp,8994038,80000000,0.99,20784882746,1,0,0,0,0,0,0,0,0,1866,100,0,0,0,0,64,200000000,21
20250116221857,1,0,0,0,0,datasets/fb-1,,lipp,3297634,80000000,0.99,20784882746,1,0,0,0,0,0,0,0,0,1866,100,0,0,0,0,64,200000000,21
20250116222104,0,1,0,0,0,datasets/fb-1,,lipp,1709774,80000000,0.99,20271500104,1,0,0,0,0,0,0,0,0,1866,100,0,0,0,0,64,200000000,22
20250116222216,1,0,0,0,0,datasets/fb-1,,lipp,3192572,80000000,0.99,20271500104,1,0,0,0,0,0,0,0,0,1866,100,0,0,0,0,64,200000000,22
20250116222406,0,1,0,0,0,datasets/fb-1,,lipp,8783018,120000000,0.99,21941670946,1,0,0,0,0,0,0,0,0,1866,100,0,0,0,0,64,200000000,21
20250116222502,1,0,0,0,0,datasets/fb-1,,lipp,3831175,120000000,0.99,21941670946,1,0,0,0,0,0,0,0,0,1866,100,0,0,0,0,64,200000000,21
20250116222647,0,1,0,0,0,datasets/fb-1,,lipp,1839394,120000000,0.99,21749708452,1,0,0,0,0,0,0,0,0,1866,100,0,0,0,0,64,200000000,22
20250116222749,1,0,0,0,0,datasets/fb-1,,lipp,3672277,120000000,0.99,21749708452,1,0,0,0,0,0,0,0,0,1866,100,0,0,0,0,64,200000000,22
20250116222924,0,1,0,0,0,datasets/fb-1,,lipp,8213185,140000000,0.99,22702827114,1,0,0,0,0,0,0,0,0,1866,100,0,0,0,0,64,200000000,21
20250116223016,1,0,0,0,0,datasets/fb-1,,lipp,4097436,140000000,0.99,22702827114,1,0,0,0,0,0,0,0,0,1866,100,0,0,0,0,64,200000000,21
20250116223151,0,1,0,0,0,datasets/fb-1,,lipp,1879154,140000000,0.99,22602756800,1,0,0,0,0,0,0,0,0,1866,100,0,0,0,0,64,200000000,22
20250116223247,1,0,0,0,0,datasets/fb-1,,lipp,4053276,140000000,0.99,22602756800,1,0,0,0,0,0,0,0,0,1866,100,0,0,0,0,64,200000000,22
20250116223416,0,1,0,0,0,datasets/fb-1,,lipp,7266317,160000000,0.99,23494639386,1,0,0,0,0,0,0,0,0,1866,100,0,0,0,0,64,200000000,21
20250116223505,1,0,0,0,0,datasets/fb-1,,lipp,4358298,160000000,0.99,23494639386,1,0,0,0,0,0,0,0,0,1866,100,0,0,0,0,64,200000000,21
20250116223631,0,1,0,0,0,datasets/fb-1,,lipp,1926656,160000000,0.99,23453535410,1,0,0,0,0,0,0,0,0,1866,100,0,0,0,0,64,200000000,22
20250116223723,1,0,0,0,0,datasets/fb-1,,lipp,4342866,160000000,0.99,23453535410,1,0,0,0,0,0,0,0,0,1866,100,0,0,0,0,64,200000000,22
20250116224351,0,1,0,0,0,datasets/fb-1,,lipp,471634,40000000,0.99,24927751810,1,0,0,0,0,0,0,0,0,1866,100,0,0,0,0,64,200000000,41
20250116224724,1,0,0,0,0,datasets/fb-1,,lipp,950684,40000000,0.99,24927751810,1,0,0,0,0,0,0,0,0,1866,100,0,0,0,0,64,200000000,41
20250116225034,0,1,0,0,0,datasets/fb-1,,lipp,1163115,40000000,0.99,24904862012,1,0,0,0,0,0,0,0,0,1866,100,0,0,0,0,64,200000000,42
20250116225205,1,0,0,0,0,datasets/fb-1,,lipp,2409624,40000000,0.99,24904862012,1,0,0,0,0,0,0,0,0,1866,100,0,0,0,0,64,200000000,42
20250116225756,0,1,0,0,0,datasets/fb-1,,lipp,505895,60000000,0.99,24929872998,1,0,0,0,0,0,0,0,0,1866,100,0,0,0,0,64,200000000,41
20250116230056,1,0,0,0,0,datasets/fb-1,,lipp,1130665,60000000,0.99,24929872998,1,0,0,0,0,0,0,0,0,1866,100,0,0,0,0,64,200000000,41
20250116230345,0,1,0,0,0,datasets/fb-1,,lipp,1184577,60000000,0.99,24791864988,1,0,0,0,0,0,0,0,0,1866,100,0,0,0,0,64,200000000,42
20250116230511,1,0,0,0,0,datasets/fb-1,,lipp,2557747,60000000,0.99,24791864988,1,0,0,0,0,0,0,0,0,1866,100,0,0,0,0,64,200000000,42
20250116231006,0,1,0,0,0,datasets/fb-1,,lipp,539007,80000000,0.99,24938187894,1,0,0,0,0,0,0,0,0,1866,100,0,0,0,0,64,200000000,41
20250116231241,1,0,0,0,0,datasets/fb-1,,lipp,1313581,80000000,0.99,24938187894,1,0,0,0,0,0,0,0,0,1866,100,0,0,0,0,64,200000000,41
20250116231510,0,1,0,0,0,datasets/fb-1,,lipp,1219184,80000000,0.99,24440277266,1,0,0,0,0,0,0,0,0,1866,100,0,0,0,0,64,200000000,42
20250116231633,1,0,0,0,0,datasets/fb-1,,lipp,2628667,80000000,0.99,24440277266,1,0,0,0,0,0,0,0,0,1866,100,0,0,0,0,64,200000000,42
20250116231953,0,1,0,0,0,datasets/fb-1,,lipp,625065,120000000,0.99,24940316084,1,0,0,0,0,0,0,0,0,1866,100,0,0,0,0,64,200000000,41
20250116232141,1,0,0,0,0,datasets/fb-1,,lipp,1901981,120000000,0.99,24940316084,1,0,0,0,0,0,0,0,0,1866,100,0,0,0,0,64,200000000,41
20250116232333,0,1,0,0,0,datasets/fb-1,,lipp,1291200,120000000,0.99,24417220050,1,0,0,0,0,0,0,0,0,1866,100,0,0,0,0,64,200000000,42
20250116232446,1,0,0,0,0,datasets/fb-1,,lipp,2947637,120000000,0.99,24417220050,1,0,0,0,0,0,0,0,0,1866,100,0,0,0,0,64,200000000,42
20250116232718,0,1,0,0,0,datasets/fb-1,,lipp,674787,140000000,0.99,24926057800,1,0,0,0,0,0,0,0,0,1866,100,0,0,0,0,64,200000000,41
20250116232843,1,0,0,0,0,datasets/fb-1,,lipp,2442722,140000000,0.99,24926057800,1,0,0,0,0,0,0,0,0,1866,100,0,0,0,0,64,200000000,41
20250116233017,0,1,0,0,0,datasets/fb-1,,lipp,1349459,140000000,0.99,24393606334,1,0,0,0,0,0,0,0,0,1866,100,0,0,0,0,64,200000000,42
20250116233125,1,0,0,0,0,datasets/fb-1,,lipp,3195175,140000000,0.99,24393606334,1,0,0,0,0,0,0,0,0,1866,100,0,0,0,0,64,200000000,42
20250116233319,0,1,0,0,0,datasets/fb-1,,lipp,736066,160000000,0.99,24934692694,1,0,0,0,0,0,0,0,0,1866,100,0,0,0,0,64,200000000,41
20250116233424,1,0,0,0,0,datasets/fb-1,,lipp,3218132,160000000,0.99,24934692694,1,0,0,0,0,0,0,0,0,1866,100,0,0,0,0,64,200000000,41
20250116233541,0,1,0,0,0,datasets/fb-1,,lipp,1467275,160000000,0.99,24281370134,1,0,0,0,0,0,0,0,0,1866,100,0,0,0,0,64,200000000,42
20250116233640,1,0,0,0,0,datasets/fb-1,,lipp,3605181,160000000,0.99,24281370134,1,0,0,0,0,0,0,0,0,1866,100,0,0,0,0,64,200000000,42
20250116233813,0,1,0,0,0,datasets/osm,,lipp,7035582,40000000,0.99,24336654908,1,0,0,0,0,0,0,0,0,1866,100,0,0,0,0,64,200000000,21
20250116233927,1,0,0,0,0,datasets/osm,,lipp,2818905,40000000,0.99,24336654908,1,0,0,0,0,0,0,0,0,1866,100,0,0,0,0,64,200000000,21
20250116234211,0,1,0,0,0,datasets/osm,,lipp,1401655,40000000,0.99,23674212234,1,0,0,0,0,0,0,0,0,1866,100,0,0,0,0,64,200000000,22
20250116234328,1,0,0,0,0,datasets/osm,,lipp,2938020,40000000,0.99,23674212234,1,0,0,0,0,0,0,0,0,1866,100,0,0,0,0,64,200000000,22
20250116234525,0,1,0,0,0,datasets/osm,,lipp,7909753,60000000,0.99,23475242036,1,0,0,0,0,0,0,0,0,1866,100,0,0,0,0,64,200000000,21
20250116234637,1,0,0,0,0,datasets/osm,,lipp,2936163,60000000,0.99,23475242036,1,0,0,0,0,0,0,0,0,1866,100,0,0,0,0,64,200000000,21
20250116234902,0,1,0,0,0,datasets/osm,,lipp,1523550,60000000,0.99,22978374038,1,0,0,0,0,0,0,0,0,1866,100,0,0,0,0,64,200000000,22
20250116235019,1,0,0,0,0,datasets/osm,,lipp,2935786,60000000,0.99,22978374038,1,0,0,0,0,0,0,0,0,1866,100,0,0,0,0,64,200000000,22
20250116235214,0,1,0,0,0,datasets/osm,,lipp,7487173,80000000,0.99,25108182148,1,0,0,0,0,0,0,0,0,1866,100,0,0,0,0,64,200000000,21
20250116235322,1,0,0,0,0,datasets/osm,,lipp,3135677,80000000,0.99,25108182148,1,0,0,0,0,0,0,0,0,1866,100,0,0,0,0,64,200000000,21
20250116235538,0,1,0,0,0,datasets/osm,,lipp,1516819,80000000,0.99,24804829910,1,0,0,0,0,0,0,0,0,1866,100,0,0,0,0,64,200000000,22
20250116235650,1,0,0,0,0,datasets/osm,,lipp,3106816,80000000,0.99,24804829910,1,0,0,0,0,0,0,0,0,1866,100,0,0,0,0,64,200000000,22
20250116235835,0,1,0,0,0,datasets/osm,,lipp,9112593,120000000,0.99,25826260432,1,0,0,0,0,0,0,0,0,1866,100,0,0,0,0,64,200000000,21
20250116235939,1,0,0,0,0,datasets/osm,,lipp,3281798,120000000,0.99,25826260432,1,0,0,0,0,0,0,0,0,1866,100,0,0,0,0,64,200000000,21
20250117000128,0,1,0,0,0,datasets/osm,,lipp,1772166,120000000,0.99,25725312102,1,0,0,0,0,0,0,0,0,1866,100,0,0,0,0,64,200000000,22
20250117000237,1,0,0,0,0,datasets/osm,,lipp,3298425,120000000,0.99,25725312102,1,0,0,0,0,0,0,0,0,1866,100,0,0,0,0,64,200000000,22
20250117000411,0,1,0,0,0,datasets/osm,,lipp,8535713,140000000,0.99,27631636128,1,0,0,0,0,0,0,0,0,1866,100,0,0,0,0,64,200000000,21
20250117000512,1,0,0,0,0,datasets/osm,,lipp,3498672,140000000,0.99,27631636128,1,0,0,0,0,0,0,0,0,1866,100,0,0,0,0,64,200000000,21
20250117000652,0,1,0,0,0,datasets/osm,,lipp,1814247,140000000,0.99,27578398004,1,0,0,0,0,0,0,0,0,1866,100,0,0,0,0,64,200000000,22
20250117000755,1,0,0,0,0,datasets/osm,,lipp,3480525,140000000,0.99,27578398004,1,0,0,0,0,0,0,0,0,1866,100,0,0,0,0,64,200000000,22
20250117000925,0,1,0,0,0,datasets/osm,,lipp,7256981,160000000,0.99,29574560874,1,0,0,0,0,0,0,0,0,1866,100,0,0,0,0,64,200000000,21
20250117001023,1,0,0,0,0,datasets/osm,,lipp,3658716,160000000,0.99,29574560874,1,0,0,0,0,0,0,0,0,1866,100,0,0,0,0,64,200000000,21
20250117001156,0,1,0,0,0,datasets/osm,,lipp,1832271,160000000,0.99,29552428920,1,0,0,0,0,0,0,0,0,1866,100,0,0,0,0,64,200000000,22
20250117001256,1,0,0,0,0,datasets/osm,,lipp,3640459,160000000,0.99,29552428920,1,0,0,0,0,0,0,0,0,1866,100,0,0,0,0,64,200000000,22
20250117001936,0,1,0,0,0,datasets/osm,,lipp,458677,40000000,0.99,30493468926,1,0,0,0,0,0,0,0,0,1866,100,0,0,0,0,64,200000000,41
20250117002317,1,0,0,0,0,datasets/osm,,lipp,926644,40000000,0.99,30493468926,1,0,0,0,0,0,0,0,0,1866,100,0,0,0,0,64,200000000,41
20250117002605,0,1,0,0,0,datasets/osm,,lipp,1416842,40000000,0.99,26090325016,1,0,0,0,0,0,0,0,0,1866,100,0,0,0,0,64,200000000,42
20250117002718,1,0,0,0,0,datasets/osm,,lipp,3009215,40000000,0.99,26090325016,1,0,0,0,0,0,0,0,0,1866,100,0,0,0,0,64,200000000,42
20250117003308,0,1,0,0,0,datasets/osm,,lipp,497015,60000000,0.99,30856575148,1,0,0,0,0,0,0,0,0,1866,100,0,0,0,0,64,200000000,41
20250117003615,1,0,0,0,0,datasets/osm,,lipp,1102226,60000000,0.99,30856575148,1,0,0,0,0,0,0,0,0,1866,100,0,0,0,0,64,200000000,41
20250117003844,0,1,0,0,0,datasets/osm,,lipp,1504170,60000000,0.99,26704004154,1,0,0,0,0,0,0,0,0,1866,100,0,0,0,0,64,200000000,42
20250117003955,1,0,0,0,0,datasets/osm,,lipp,3046870,60000000,0.99,26704004154,1,0,0,0,0,0,0,0,0,1866,100,0,0,0,0,64,200000000,42
20250117004451,0,1,0,0,0,datasets/osm,,lipp,525726,80000000,0.99,31325115288,1,0,0,0,0,0,0,0,0,1866,100,0,0,0,0,64,200000000,41
20250117004731,1,0,0,0,0,datasets/osm,,lipp,1289964,80000000,0.99,31325115288,1,0,0,0,0,0,0,0,0,1866,100,0,0,0,0,64,200000000,41
20250117004946,0,1,0,0,0,datasets/osm,,lipp,1519488,80000000,0.99,27628002314,1,0,0,0,0,0,0,0,0,1866,100,0,0,0,0,64,200000000,42
20250117005055,1,0,0,0,0,datasets/osm,,lipp,3160496,80000000,0.99,27628002314,1,0,0,0,0,0,0,0,0,1866,100,0,0,0,0,64,200000000,42
20250117005414,0,1,0,0,0,datasets/osm,,lipp,601833,120000000,0.99,31991066526,1,0,0,0,0,0,0,0,0,1866,100,0,0,0,0,64,200000000,41
20250117005605,1,0,0,0,0,datasets/osm,,lipp,1879944,120000000,0.99,31991066526,1,0,0,0,0,0,0,0,0,1866,100,0,0,0,0,64,200000000,41
20250117005751,0,1,0,0,0,datasets/osm,,lipp,1591274,120000000,0.99,28978345912,1,0,0,0,0,0,0,0,0,1866,100,0,0,0,0,64,200000000,42
20250117005856,1,0,0,0,0,datasets/osm,,lipp,3317286,120000000,0.99,28978345912,1,0,0,0,0,0,0,0,0,1866,100,0,0,0,0,64,200000000,42
20250117010128,0,1,0,0,0,datasets/osm,,lipp,664373,140000000,0.99,32578108392,1,0,0,0,0,0,0,0,0,1866,100,0,0,0,0,64,200000000,41
20250117010304,1,0,0,0,0,datasets/osm,,lipp,2183317,140000000,0.99,32578108392,1,0,0,0,0,0,0,0,0,1866,100,0,0,0,0,64,200000000,41
20250117010438,0,1,0,0,0,datasets/osm,,lipp,1628161,140000000,0.99,30231862402,1,0,0,0,0,0,0,0,0,1866,100,0,0,0,0,64,200000000,42
20250117010539,1,0,0,0,0,datasets/osm,,lipp,3537603,140000000,0.99,30231862402,1,0,0,0,0,0,0,0,0,1866,100,0,0,0,0,64,200000000,42
20250117010736,0,1,0,0,0,datasets/osm,,lipp,715531,160000000,0.99,32734958186,1,0,0,0,0,0,0,0,0,1866,100,0,0,0,0,64,200000000,41
20250117010850,1,0,0,0,0,datasets/osm,,lipp,2860105,160000000,0.99,32734958186,1,0,0,0,0,0,0,0,0,1866,100,0,0,0,0,64,200000000,41
20250117011011,0,1,0,0,0,datasets/osm,,lipp,1696776,160000000,0.99,31346866710,1,0,0,0,0,0,0,0,0,1866,100,0,0,0,0,64,200000000,42
20250117011109,1,0,0,0,0,datasets/osm,,lipp,3695085,160000000,0.99,31346866710,1,0,0,0,0,0,0,0,0,1866,100,0,0,0,0,64,200000000,42